JvmtiExport can_access_local_variables 0
JvmtiExport can_hotswap_or_post_breakpoint 0
JvmtiExport can_post_on_exceptions 0
# 279 ciObject found
instanceKlass java/util/zip/ZipFile
ciInstanceKlass java/lang/Cloneable 1 0 5 1 100 1 100
instanceKlass com/google/common/collect/Maps
instanceKlass com/google/inject/internal/CycleDetectingLock
instanceKlass com/google/common/collect/Multimap
instanceKlass com/google/inject/internal/CycleDetectingLock$CycleDetectingLockFactory
instanceKlass com/google/inject/internal/Initializable
instanceKlass com/google/inject/internal/Initializer
instanceKlass com/google/common/collect/PeekingIterator
instanceKlass com/google/common/collect/UnmodifiableIterator
instanceKlass com/google/common/collect/Iterators
instanceKlass com/google/inject/internal/util/SourceProvider
instanceKlass com/google/common/collect/Hashing
instanceKlass com/google/common/collect/ObjectArrays
instanceKlass com/google/common/primitives/Primitives
instanceKlass com/google/common/base/Preconditions
instanceKlass com/google/common/collect/CollectPreconditions
instanceKlass com/google/common/collect/ImmutableCollection$Builder
instanceKlass com/google/inject/internal/Errors
instanceKlass jdk/internal/logger/DefaultLoggerFinder$1
instanceKlass java/util/logging/Logger$SystemLoggerHelper$1
instanceKlass java/util/logging/Logger$SystemLoggerHelper
instanceKlass java/util/logging/LogManager$4
instanceKlass jdk/internal/logger/BootstrapLogger$BootstrapExecutors
instanceKlass jdk/internal/logger/BootstrapLogger$RedirectedLoggers
instanceKlass java/util/Spliterators$1Adapter
instanceKlass java/util/Spliterators$ArraySpliterator
instanceKlass java/util/Spliterator$OfDouble
instanceKlass java/util/Spliterator$OfLong
instanceKlass java/util/Spliterators$EmptySpliterator
instanceKlass java/util/Spliterators
instanceKlass jdk/internal/logger/BootstrapLogger$DetectBackend$1
instanceKlass jdk/internal/logger/BootstrapLogger$DetectBackend
instanceKlass jdk/internal/logger/BootstrapLogger
instanceKlass sun/util/logging/PlatformLogger$ConfigurableBridge
instanceKlass sun/util/logging/PlatformLogger$Bridge
instanceKlass java/lang/System$Logger
instanceKlass java/util/stream/Streams
instanceKlass java/util/stream/Stream$Builder
instanceKlass java/util/stream/Streams$AbstractStreamBuilderImpl
instanceKlass java/util/stream/Sink$ChainedReference
instanceKlass java/util/stream/Stream
instanceKlass java/util/ArrayList$ArrayListSpliterator
instanceKlass java/util/Hashtable$Enumerator
instanceKlass java/util/logging/LogManager$LoggerContext$1
instanceKlass java/util/logging/LogManager$VisitedLoggers
instanceKlass java/util/logging/LogManager$2
instanceKlass java/lang/System$LoggerFinder
instanceKlass java/util/logging/LogManager$LoggingProviderAccess
instanceKlass sun/util/logging/internal/LoggingProviderImpl$LogManagerAccess
instanceKlass java/util/Collections$SynchronizedMap
instanceKlass java/util/logging/LogManager$LogNode
instanceKlass java/util/logging/LogManager$LoggerContext
instanceKlass java/util/logging/LogManager$1
instanceKlass java/util/logging/LogManager
instanceKlass java/util/logging/Logger$ConfigurationData
instanceKlass java/util/logging/Logger$LoggerBundle
instanceKlass java/util/logging/Level
instanceKlass java/util/logging/Handler
instanceKlass java/util/logging/Logger
instanceKlass com/google/inject/internal/util/Stopwatch
instanceKlass com/google/inject/Injector
instanceKlass com/google/inject/internal/InternalInjectorCreator
instanceKlass com/google/inject/Guice
instanceKlass org/eclipse/sisu/wire/Wiring
instanceKlass org/eclipse/sisu/wire/WireModule$Strategy$1
instanceKlass org/eclipse/sisu/wire/WireModule$Strategy
instanceKlass org/eclipse/sisu/wire/AbstractTypeConverter
instanceKlass com/google/inject/spi/ElementVisitor
instanceKlass org/eclipse/sisu/wire/WireModule
instanceKlass org/eclipse/sisu/bean/BeanBinder
instanceKlass org/eclipse/sisu/plexus/PlexusBindingModule
instanceKlass org/codehaus/plexus/DefaultPlexusContainer$BootModule
instanceKlass org/codehaus/plexus/component/annotations/Configuration
instanceKlass org/eclipse/sisu/plexus/PlexusAnnotatedMetadata
instanceKlass org/eclipse/sisu/plexus/PlexusBeanMetadata
instanceKlass org/eclipse/sisu/plexus/PlexusAnnotatedBeanModule$PlexusAnnotatedBeanSource
instanceKlass org/eclipse/sisu/space/SpaceModule$Strategy$1
instanceKlass org/eclipse/sisu/space/DefaultClassFinder
instanceKlass org/eclipse/sisu/space/asm/ClassVisitor
instanceKlass org/eclipse/sisu/space/SpaceScanner
instanceKlass org/eclipse/sisu/space/IndexedClassFinder
instanceKlass org/eclipse/sisu/space/ClassFinder
instanceKlass org/eclipse/sisu/space/SpaceModule
instanceKlass org/eclipse/sisu/space/SpaceVisitor
instanceKlass org/eclipse/sisu/plexus/PlexusTypeListener
instanceKlass org/eclipse/sisu/space/QualifiedTypeListener
instanceKlass org/eclipse/sisu/plexus/PlexusAnnotatedBeanModule$1
instanceKlass org/eclipse/sisu/space/SpaceModule$Strategy
instanceKlass org/eclipse/sisu/plexus/PlexusAnnotatedBeanModule
instanceKlass org/eclipse/sisu/plexus/PlexusBeanSource
instanceKlass org/eclipse/sisu/plexus/PlexusXmlBeanModule
instanceKlass org/eclipse/sisu/plexus/PlexusBeanModule
instanceKlass org/eclipse/sisu/space/URLClassSpace
instanceKlass org/codehaus/plexus/DefaultPlexusContainer$SLF4JLoggerFactoryProvider
instanceKlass com/google/inject/util/Providers$ConstantProvider
instanceKlass com/google/inject/util/Providers
instanceKlass org/codehaus/plexus/personality/plexus/lifecycle/phase/Disposable
instanceKlass org/codehaus/plexus/personality/plexus/lifecycle/phase/Startable
instanceKlass org/codehaus/plexus/personality/plexus/lifecycle/phase/Initializable
instanceKlass org/codehaus/plexus/personality/plexus/lifecycle/phase/Contextualizable
instanceKlass org/codehaus/plexus/logging/LogEnabled
instanceKlass org/eclipse/sisu/bean/PropertyBinding
instanceKlass org/eclipse/sisu/bean/LifecycleBuilder
instanceKlass org/eclipse/sisu/bean/BeanScheduler$1
instanceKlass com/google/inject/spi/DefaultBindingScopingVisitor
instanceKlass com/google/inject/spi/BindingScopingVisitor
instanceKlass org/eclipse/sisu/bean/BeanScheduler$CycleActivator
instanceKlass com/google/inject/spi/ModuleAnnotatedMethodScanner
instanceKlass com/google/inject/PrivateBinder
instanceKlass com/google/inject/spi/TypeListener
instanceKlass com/google/inject/MembersInjector
instanceKlass com/google/inject/spi/Message
instanceKlass com/google/inject/spi/Element
instanceKlass com/google/inject/binder/AnnotatedConstantBindingBuilder
instanceKlass com/google/inject/Scope
instanceKlass com/google/inject/spi/Dependency
instanceKlass com/google/inject/TypeLiteral
instanceKlass com/google/inject/Key
instanceKlass com/google/inject/binder/AnnotatedBindingBuilder
instanceKlass com/google/inject/binder/LinkedBindingBuilder
instanceKlass com/google/inject/binder/ScopedBindingBuilder
instanceKlass com/google/inject/spi/ProvisionListener
instanceKlass com/google/inject/Binder
instanceKlass org/eclipse/sisu/bean/BeanScheduler
instanceKlass org/eclipse/sisu/plexus/DefaultPlexusBeanLocator
instanceKlass org/eclipse/sisu/inject/MildKeys
instanceKlass org/eclipse/sisu/plexus/ClassRealmManager
instanceKlass org/codehaus/plexus/context/ContextMapAdapter
instanceKlass org/codehaus/plexus/context/DefaultContext
instanceKlass org/codehaus/plexus/logging/AbstractLogger
instanceKlass org/codehaus/plexus/logging/AbstractLoggerManager
instanceKlass java/util/Date
instanceKlass java/text/DigitList
instanceKlass java/text/FieldPosition
instanceKlass java/lang/StringUTF16$CharsSpliterator
instanceKlass java/util/stream/Sink$ChainedInt
instanceKlass java/util/function/Predicate
instanceKlass java/util/OptionalInt
instanceKlass java/util/stream/FindOps$FindOp
instanceKlass java/util/stream/TerminalOp
instanceKlass java/util/stream/Sink$OfInt
instanceKlass java/util/function/IntConsumer
instanceKlass java/util/stream/FindOps$FindSink
instanceKlass java/util/stream/TerminalSink
instanceKlass java/util/stream/Sink
instanceKlass java/util/function/Consumer
instanceKlass java/util/stream/FindOps
instanceKlass java/util/function/IntPredicate
instanceKlass sun/reflect/annotation/AnnotationParser
instanceKlass java/lang/Class$3
instanceKlass java/util/EnumMap$1
instanceKlass java/util/stream/StreamOpFlag$MaskBuilder
instanceKlass java/util/stream/IntStream
instanceKlass java/util/stream/BaseStream
instanceKlass java/util/stream/PipelineHelper
instanceKlass java/util/stream/StreamSupport
instanceKlass java/lang/StringLatin1$CharsSpliterator
instanceKlass java/util/Spliterator$OfInt
instanceKlass java/util/Spliterator$OfPrimitive
instanceKlass java/util/Spliterator
instanceKlass java/text/DecimalFormatSymbols
instanceKlass java/text/DateFormatSymbols
instanceKlass sun/util/calendar/CalendarUtils
instanceKlass sun/util/calendar/CalendarDate
instanceKlass sun/util/resources/Bundles$CacheKeyReference
instanceKlass java/util/ResourceBundle$ResourceBundleProviderHelper
instanceKlass sun/util/resources/Bundles$CacheKey
instanceKlass java/util/ResourceBundle$1
instanceKlass jdk/internal/access/JavaUtilResourceBundleAccess
instanceKlass sun/util/resources/Bundles
instanceKlass sun/util/resources/LocaleData$LocaleDataStrategy
instanceKlass sun/util/resources/Bundles$Strategy
instanceKlass sun/util/resources/LocaleData$1
instanceKlass sun/util/resources/LocaleData
instanceKlass sun/util/locale/provider/LocaleResources
instanceKlass java/util/ResourceBundle
instanceKlass java/util/ResourceBundle$Control
instanceKlass sun/util/locale/provider/CalendarDataUtility$CalendarWeekParameterGetter
instanceKlass sun/util/locale/provider/LocaleServiceProviderPool$LocalizedObjectGetter
instanceKlass sun/util/locale/provider/LocaleServiceProviderPool
instanceKlass java/util/Locale$Builder
instanceKlass sun/util/locale/provider/CalendarDataUtility
instanceKlass sun/util/calendar/CalendarSystem$GregorianHolder
instanceKlass sun/util/calendar/CalendarSystem
instanceKlass java/util/Calendar$Builder
instanceKlass java/util/StringTokenizer
instanceKlass sun/util/locale/provider/AvailableLanguageTags
instanceKlass java/util/ServiceLoader$ProviderImpl
instanceKlass java/util/ServiceLoader$Provider
instanceKlass java/util/ServiceLoader$1
instanceKlass sun/util/resources/cldr/provider/CLDRLocaleDataMetaInfo
instanceKlass jdk/internal/module/ModulePatcher$PatchedModuleReader
instanceKlass java/util/ServiceLoader$3
instanceKlass java/util/ServiceLoader$2
instanceKlass java/util/ServiceLoader$LazyClassPathLookupIterator
instanceKlass java/util/concurrent/CopyOnWriteArrayList$COWIterator
instanceKlass java/util/ServiceLoader$ModuleServicesLookupIterator
instanceKlass java/util/ServiceLoader
instanceKlass sun/util/locale/LocaleObjectCache
instanceKlass sun/util/locale/BaseLocale$Key
instanceKlass sun/util/locale/InternalLocaleBuilder$CaseInsensitiveChar
instanceKlass sun/util/locale/InternalLocaleBuilder
instanceKlass sun/util/locale/StringTokenIterator
instanceKlass sun/util/locale/ParseStatus
instanceKlass sun/util/locale/LanguageTag
instanceKlass sun/util/cldr/CLDRBaseLocaleDataMetaInfo
instanceKlass sun/util/locale/provider/LocaleDataMetaInfo
instanceKlass sun/util/locale/provider/ResourceBundleBasedAdapter
instanceKlass sun/util/locale/provider/LocaleProviderAdapter$1
instanceKlass sun/util/locale/provider/LocaleProviderAdapter
instanceKlass java/util/spi/LocaleServiceProvider
instanceKlass sun/util/calendar/ZoneInfoFile$ZoneOffsetTransitionRule
instanceKlass sun/util/calendar/ZoneInfoFile$1
instanceKlass sun/util/calendar/ZoneInfoFile
instanceKlass java/util/TimeZone
instanceKlass java/util/Calendar
instanceKlass java/text/AttributedCharacterIterator$Attribute
instanceKlass com/google/inject/matcher/AbstractMatcher
instanceKlass com/google/inject/matcher/Matcher
instanceKlass com/google/inject/spi/TypeConverter
instanceKlass org/codehaus/plexus/DefaultPlexusContainer$LoggerProvider
instanceKlass org/codehaus/plexus/DefaultPlexusContainer$DefaultsModule
instanceKlass org/codehaus/plexus/DefaultPlexusContainer$ContainerModule
instanceKlass org/eclipse/sisu/inject/ImplicitBindings
instanceKlass org/eclipse/sisu/inject/MildValues$InverseMapping
instanceKlass org/eclipse/sisu/inject/MildValues
instanceKlass org/eclipse/sisu/inject/Weak
instanceKlass java/lang/invoke/VarForm
instanceKlass java/lang/invoke/VarHandleGuards
instanceKlass jdk/internal/util/Preconditions$1
instanceKlass java/lang/invoke/VarHandle$1
instanceKlass java/lang/invoke/VarHandles
instanceKlass java/util/concurrent/atomic/AtomicReference
instanceKlass org/eclipse/sisu/inject/BindingPublisher
instanceKlass org/eclipse/sisu/inject/RankingFunction
instanceKlass org/eclipse/sisu/inject/BindingSubscriber
instanceKlass org/eclipse/sisu/inject/DefaultBeanLocator
instanceKlass org/eclipse/sisu/inject/DeferredClass
instanceKlass org/codehaus/plexus/DefaultPlexusContainer$LoggerManagerProvider
instanceKlass org/eclipse/sisu/inject/DeferredProvider
instanceKlass com/google/inject/Provider
instanceKlass com/google/inject/AbstractModule
instanceKlass org/codehaus/plexus/context/Context
instanceKlass javax/inject/Provider
instanceKlass org/eclipse/sisu/bean/BeanManager
instanceKlass org/eclipse/sisu/plexus/PlexusBeanLocator
instanceKlass org/codehaus/plexus/classworlds/ClassWorldListener
instanceKlass com/google/inject/Module
instanceKlass org/eclipse/sisu/inject/MutableBeanLocator
instanceKlass org/eclipse/sisu/inject/BeanLocator
instanceKlass org/eclipse/sisu/space/ClassSpace
instanceKlass org/codehaus/plexus/DefaultPlexusContainer
instanceKlass org/codehaus/plexus/MutablePlexusContainer
instanceKlass org/apache/maven/extension/internal/CoreExports
instanceKlass java/util/Collections$UnmodifiableCollection$1
instanceKlass org/codehaus/plexus/DefaultContainerConfiguration
instanceKlass org/codehaus/plexus/ContainerConfiguration
instanceKlass org/codehaus/plexus/util/xml/XMLWriter
instanceKlass org/codehaus/plexus/util/xml/Xpp3Dom
instanceKlass org/codehaus/plexus/util/xml/pull/MXParser
instanceKlass org/codehaus/plexus/util/xml/pull/XmlPullParser
instanceKlass org/codehaus/plexus/util/xml/Xpp3DomBuilder
instanceKlass java/util/regex/ASCII
instanceKlass jdk/internal/org/objectweb/asm/ClassReader
instanceKlass org/codehaus/plexus/util/ReaderFactory
instanceKlass org/apache/maven/project/ExtensionDescriptor
instanceKlass org/apache/maven/project/ExtensionDescriptorBuilder
instanceKlass org/apache/maven/extension/internal/CoreExtensionEntry
instanceKlass org/codehaus/plexus/util/StringUtils
instanceKlass org/codehaus/plexus/logging/Logger
instanceKlass org/apache/maven/cli/logging/Slf4jLoggerManager
instanceKlass org/slf4j/impl/MavenSlf4jSimpleFriend
instanceKlass org/slf4j/MavenSlf4jFriend
instanceKlass org/apache/maven/cli/logging/BaseSlf4jConfiguration
instanceKlass org/codehaus/plexus/util/IOUtil
instanceKlass org/codehaus/plexus/util/PropertyUtils
instanceKlass org/apache/maven/cli/logging/Slf4jConfiguration
instanceKlass org/apache/maven/cli/logging/Slf4jConfigurationFactory
instanceKlass org/slf4j/impl/OutputChoice
instanceKlass sun/net/DefaultProgressMeteringPolicy
instanceKlass sun/net/ProgressMeteringPolicy
instanceKlass sun/net/ProgressMonitor
instanceKlass org/slf4j/impl/SimpleLoggerConfiguration$1
instanceKlass java/text/Format
instanceKlass org/slf4j/impl/SimpleLoggerConfiguration
instanceKlass org/slf4j/helpers/NamedLoggerBase
instanceKlass org/slf4j/impl/SimpleLoggerFactory
instanceKlass org/slf4j/impl/StaticLoggerBinder
instanceKlass org/slf4j/spi/LoggerFactoryBinder
instanceKlass java/util/Collections$3
instanceKlass java/net/URLClassLoader$3$1
instanceKlass java/net/URLClassLoader$3
instanceKlass jdk/internal/loader/URLClassPath$1
instanceKlass java/lang/CompoundEnumeration
instanceKlass jdk/internal/loader/BuiltinClassLoader$1
instanceKlass java/util/Collections$EmptyEnumeration
instanceKlass java/util/Collections$EmptyIterator
instanceKlass org/slf4j/helpers/Util
instanceKlass org/slf4j/helpers/NOPLoggerFactory
instanceKlass java/util/concurrent/LinkedBlockingQueue$Node
instanceKlass java/util/concurrent/locks/AbstractQueuedSynchronizer$ConditionObject
instanceKlass java/util/concurrent/locks/Condition
instanceKlass java/util/concurrent/BlockingQueue
instanceKlass org/slf4j/helpers/SubstituteLoggerFactory
instanceKlass org/slf4j/ILoggerFactory
instanceKlass org/slf4j/event/LoggingEvent
instanceKlass org/slf4j/LoggerFactory
instanceKlass org/apache/commons/lang3/StringUtils
instanceKlass org/apache/maven/cli/CLIReportingUtils
instanceKlass org/apache/maven/properties/internal/SystemProperties
instanceKlass java/util/Collections$SynchronizedCollection
instanceKlass java/util/Properties$EntrySet
instanceKlass java/util/Collections$UnmodifiableMap$UnmodifiableEntrySet$UnmodifiableEntry
instanceKlass java/util/Collections$UnmodifiableMap$UnmodifiableEntrySet$1
instanceKlass org/codehaus/plexus/util/Os
instanceKlass org/apache/maven/properties/internal/EnvironmentUtils
instanceKlass java/util/LinkedList$Node
instanceKlass java/util/AbstractList$Itr
instanceKlass org/apache/commons/cli/Util
instanceKlass org/apache/commons/cli/CommandLine
instanceKlass java/util/LinkedHashMap$LinkedHashIterator
instanceKlass org/apache/commons/cli/Parser
instanceKlass org/apache/maven/cli/CleanArgument
instanceKlass org/apache/commons/cli/OptionValidator
instanceKlass org/apache/commons/cli/Option$Builder
instanceKlass org/apache/commons/cli/Option
instanceKlass org/apache/commons/cli/Options
instanceKlass org/apache/commons/cli/CommandLineParser
instanceKlass org/apache/maven/cli/CLIManager
instanceKlass org/apache/maven/cli/logging/Slf4jStdoutLogger
instanceKlass org/eclipse/aether/DefaultRepositoryCache
instanceKlass org/eclipse/aether/RepositoryCache
instanceKlass org/apache/maven/project/ProjectBuildingRequest
instanceKlass org/apache/maven/execution/DefaultMavenExecutionRequest
instanceKlass org/apache/maven/execution/MavenExecutionRequest
instanceKlass java/lang/Shutdown$Lock
instanceKlass java/lang/Shutdown
instanceKlass java/lang/ApplicationShutdownHooks$1
instanceKlass java/lang/ApplicationShutdownHooks
instanceKlass org/fusesource/jansi/AnsiConsole$3
instanceKlass org/fusesource/jansi/internal/Kernel32
instanceKlass jdk/internal/loader/NativeLibraries$Unloader
instanceKlass org/fusesource/jansi/internal/OSInfo
instanceKlass java/util/regex/IntHashSet
instanceKlass java/util/regex/Matcher
instanceKlass java/util/regex/MatchResult
instanceKlass sun/net/www/protocol/jar/JarFileFactory
instanceKlass sun/net/www/protocol/jar/URLJarFile$URLJarFileCloseController
instanceKlass java/net/URLClassLoader$2
instanceKlass jdk/internal/jimage/ImageLocation
instanceKlass jdk/internal/jimage/decompressor/Decompressor
instanceKlass jdk/internal/jimage/ImageStringsReader
instanceKlass jdk/internal/jimage/ImageStrings
instanceKlass jdk/internal/jimage/ImageHeader
instanceKlass jdk/internal/jimage/NativeImageBuffer$1
instanceKlass jdk/internal/jimage/NativeImageBuffer
instanceKlass jdk/internal/jimage/BasicImageReader$1
instanceKlass jdk/internal/jimage/BasicImageReader
instanceKlass jdk/internal/jimage/ImageReader
instanceKlass jdk/internal/jimage/ImageReaderFactory$1
instanceKlass java/nio/file/FileSystems$DefaultFileSystemHolder$1
instanceKlass java/nio/file/FileSystems$DefaultFileSystemHolder
instanceKlass java/nio/file/FileSystems
instanceKlass java/nio/file/Paths
instanceKlass jdk/internal/jimage/ImageReaderFactory
instanceKlass jdk/internal/module/SystemModuleFinders$SystemImage
instanceKlass jdk/internal/module/SystemModuleFinders$SystemModuleReader
instanceKlass java/lang/module/ModuleReader
instanceKlass jdk/internal/loader/BuiltinClassLoader$5
instanceKlass jdk/internal/loader/BuiltinClassLoader$2
instanceKlass jdk/internal/module/Resources
instanceKlass org/fusesource/jansi/internal/JansiLoader$1
instanceKlass org/fusesource/jansi/internal/JansiLoader
instanceKlass org/fusesource/jansi/internal/CLibrary
instanceKlass java/util/TreeMap$Entry
instanceKlass java/lang/ProcessEnvironment$CheckedEntry
instanceKlass java/lang/ProcessEnvironment$CheckedEntrySet$1
instanceKlass java/lang/ProcessEnvironment$EntryComparator
instanceKlass java/lang/ProcessEnvironment$NameComparator
instanceKlass org/fusesource/jansi/io/AnsiProcessor
instanceKlass org/fusesource/jansi/io/AnsiOutputStream$IoRunnable
instanceKlass org/fusesource/jansi/io/AnsiOutputStream$WidthSupplier
instanceKlass org/fusesource/jansi/AnsiConsole
instanceKlass org/fusesource/jansi/Ansi$1
instanceKlass java/util/concurrent/Callable
instanceKlass org/fusesource/jansi/Ansi
instanceKlass org/apache/maven/shared/utils/logging/MessageBuilder
instanceKlass org/apache/maven/shared/utils/logging/MessageUtils
instanceKlass java/lang/invoke/MethodHandles$Lookup$ClassDefiner
instanceKlass java/lang/invoke/MethodHandles$Lookup$ClassFile
instanceKlass jdk/internal/org/objectweb/asm/Handler
instanceKlass jdk/internal/org/objectweb/asm/Attribute
instanceKlass jdk/internal/org/objectweb/asm/FieldVisitor
instanceKlass java/lang/invoke/InvokerBytecodeGenerator$ClassData
instanceKlass jdk/internal/org/objectweb/asm/AnnotationVisitor
instanceKlass jdk/internal/org/objectweb/asm/Frame
instanceKlass jdk/internal/org/objectweb/asm/Label
instanceKlass jdk/internal/org/objectweb/asm/MethodVisitor
instanceKlass java/lang/invoke/LambdaFormBuffer
instanceKlass java/lang/invoke/LambdaFormEditor$TransformKey
instanceKlass java/lang/invoke/LambdaFormEditor
instanceKlass sun/invoke/util/Wrapper$1
instanceKlass java/lang/invoke/DelegatingMethodHandle$Holder
instanceKlass java/lang/invoke/DirectMethodHandle$2
instanceKlass java/lang/invoke/ClassSpecializer$Factory
instanceKlass java/lang/invoke/ClassSpecializer$SpeciesData
instanceKlass java/lang/invoke/ClassSpecializer$1
instanceKlass java/lang/invoke/ClassSpecializer
instanceKlass java/lang/invoke/InnerClassLambdaMetafactory$1
instanceKlass java/util/regex/CharPredicates
instanceKlass java/util/regex/Pattern$BitClass
instanceKlass java/util/regex/Pattern$TreeInfo
instanceKlass sun/invoke/empty/Empty
instanceKlass sun/invoke/util/VerifyType
instanceKlass java/lang/invoke/LambdaProxyClassArchive
instanceKlass jdk/internal/org/objectweb/asm/ByteVector
instanceKlass jdk/internal/org/objectweb/asm/Symbol
instanceKlass jdk/internal/org/objectweb/asm/SymbolTable
instanceKlass jdk/internal/org/objectweb/asm/ClassVisitor
instanceKlass java/lang/invoke/InfoFromMemberName
instanceKlass java/lang/invoke/MethodHandleInfo
instanceKlass jdk/internal/org/objectweb/asm/ConstantDynamic
instanceKlass sun/invoke/util/BytecodeDescriptor
instanceKlass jdk/internal/org/objectweb/asm/Handle
instanceKlass jdk/internal/org/objectweb/asm/Type
instanceKlass java/lang/invoke/AbstractValidatingLambdaMetafactory
instanceKlass java/lang/invoke/MethodHandleImpl$1
instanceKlass jdk/internal/access/JavaLangInvokeAccess
instanceKlass java/lang/invoke/Invokers$Holder
instanceKlass java/lang/invoke/BootstrapMethodInvoker
instanceKlass java/util/regex/Pattern$BmpCharPredicate
instanceKlass java/util/regex/Pattern$CharPredicate
instanceKlass java/lang/invoke/InvokerBytecodeGenerator$2
instanceKlass java/lang/invoke/InvokerBytecodeGenerator
instanceKlass java/lang/invoke/LambdaForm$Holder
instanceKlass java/lang/invoke/LambdaForm$Name
instanceKlass java/lang/invoke/Invokers
instanceKlass java/lang/invoke/MethodHandleImpl
instanceKlass sun/invoke/util/ValueConversions
instanceKlass java/lang/invoke/DirectMethodHandle$Holder
instanceKlass java/lang/invoke/LambdaForm$NamedFunction
instanceKlass sun/invoke/util/Wrapper$Format
instanceKlass java/lang/invoke/MethodTypeForm
instanceKlass java/lang/invoke/MethodType$ConcurrentWeakInternSet
instanceKlass java/lang/invoke/LambdaMetafactory
instanceKlass java/util/regex/Pattern$Node
instanceKlass java/util/regex/Pattern
instanceKlass org/apache/maven/cli/CliRequest
instanceKlass org/apache/maven/exception/ExceptionHandler
instanceKlass org/apache/maven/execution/ExecutionListener
instanceKlass org/apache/maven/toolchain/building/ToolchainsBuildingRequest
instanceKlass org/apache/maven/building/Source
instanceKlass org/apache/maven/eventspy/EventSpy$Context
instanceKlass org/codehaus/plexus/PlexusContainer
instanceKlass org/codehaus/plexus/logging/LoggerManager
instanceKlass org/slf4j/Logger
instanceKlass org/eclipse/aether/transfer/TransferListener
instanceKlass org/apache/maven/cli/MavenCli
instanceKlass java/io/FilePermissionCollection$1
instanceKlass java/util/function/BiFunction
instanceKlass java/security/Security$2
instanceKlass jdk/internal/access/JavaSecurityPropertiesAccess
instanceKlass java/util/concurrent/ConcurrentHashMap$MapEntry
instanceKlass java/util/Properties$LineReader
instanceKlass java/security/Security$1
instanceKlass java/security/Security
instanceKlass sun/security/util/SecurityProperties
instanceKlass sun/security/util/FilePermCompat
instanceKlass java/io/FilePermission$1
instanceKlass jdk/internal/access/JavaIOFilePermissionAccess
instanceKlass sun/net/www/MessageHeader
instanceKlass java/net/URLConnection
instanceKlass java/net/URLClassLoader$1
instanceKlass java/util/TreeMap$PrivateEntryIterator
instanceKlass java/util/TimSort
instanceKlass sun/security/action/GetBooleanAction
instanceKlass java/util/Arrays$LegacyMergeSort
instanceKlass org/codehaus/plexus/classworlds/launcher/Configurator$1
instanceKlass java/io/FileInputStream$1
instanceKlass org/codehaus/plexus/classworlds/launcher/ConfigurationParser$1
instanceKlass java/net/URI$Parser
instanceKlass java/util/ArrayList$Itr
instanceKlass org/codehaus/plexus/classworlds/strategy/AbstractStrategy
instanceKlass org/codehaus/plexus/classworlds/strategy/Strategy
instanceKlass org/codehaus/plexus/classworlds/strategy/StrategyFactory
instanceKlass java/util/NavigableMap
instanceKlass java/util/SortedMap
instanceKlass java/util/NavigableSet
instanceKlass java/util/SortedSet
instanceKlass java/nio/charset/CoderResult
instanceKlass java/io/Reader
instanceKlass java/lang/Readable
instanceKlass java/io/FilenameFilter
instanceKlass org/codehaus/plexus/classworlds/launcher/ConfigurationParser
instanceKlass org/codehaus/plexus/classworlds/launcher/Configurator
instanceKlass org/codehaus/plexus/classworlds/launcher/ConfigurationHandler
instanceKlass java/lang/Void
instanceKlass java/lang/PublicMethods$Key
instanceKlass java/lang/PublicMethods$MethodList
instanceKlass org/codehaus/plexus/classworlds/ClassWorld
instanceKlass org/codehaus/plexus/classworlds/launcher/Launcher
instanceKlass java/security/SecureClassLoader$DebugHolder
instanceKlass java/security/PermissionCollection
instanceKlass java/security/SecureClassLoader$1
instanceKlass java/security/SecureClassLoader$CodeSourceKey
instanceKlass java/util/zip/Checksum$1
instanceKlass java/util/zip/CRC32
instanceKlass java/util/zip/Checksum
instanceKlass sun/nio/ByteBuffered
instanceKlass java/lang/Package$VersionInfo
instanceKlass java/lang/NamedPackage
instanceKlass java/util/jar/Attributes$Name
instanceKlass java/util/jar/Attributes
instanceKlass jdk/internal/loader/Resource
instanceKlass com/azul/tooling/Handler$1
instanceKlass com/azul/tooling/Handler
instanceKlass com/azul/tooling/in/Tooling$ToolingHandler
instanceKlass com/azul/tooling/in/Tooling$1
instanceKlass com/azul/tooling/in/Tooling
instanceKlass com/azul/tooling/in/JarLoadEvent
instanceKlass com/azul/tooling/in/Tooling$ToolingEvent
instanceKlass sun/security/action/GetIntegerAction
instanceKlass sun/security/util/Debug
instanceKlass sun/security/util/SignatureFileVerifier
instanceKlass java/util/zip/ZipFile$InflaterCleanupAction
instanceKlass java/util/zip/Inflater$InflaterZStreamRef
instanceKlass java/util/zip/Inflater
instanceKlass java/util/zip/ZipEntry
instanceKlass jdk/internal/util/jar/JarIndex
instanceKlass java/nio/Bits$1
instanceKlass jdk/internal/misc/VM$BufferPool
instanceKlass java/nio/Bits
instanceKlass sun/nio/ch/DirectBuffer
instanceKlass jdk/internal/perf/PerfCounter$CoreCounters
instanceKlass jdk/internal/perf/Perf
instanceKlass jdk/internal/perf/Perf$GetPerfAction
instanceKlass jdk/internal/perf/PerfCounter
instanceKlass java/nio/file/attribute/FileTime
instanceKlass java/util/zip/ZipUtils
instanceKlass java/util/zip/ZipFile$Source$End
instanceKlass java/io/RandomAccessFile$2
instanceKlass jdk/internal/access/JavaIORandomAccessFileAccess
instanceKlass java/io/RandomAccessFile
instanceKlass java/io/DataInput
instanceKlass java/io/DataOutput
instanceKlass sun/nio/fs/WindowsNativeDispatcher$CompletionStatus
instanceKlass sun/nio/fs/WindowsNativeDispatcher$AclInformation
instanceKlass sun/nio/fs/WindowsNativeDispatcher$Account
instanceKlass sun/nio/fs/WindowsNativeDispatcher$DiskFreeSpace
instanceKlass sun/nio/fs/WindowsNativeDispatcher$VolumeInformation
instanceKlass sun/nio/fs/WindowsNativeDispatcher$FirstStream
instanceKlass sun/nio/fs/WindowsNativeDispatcher$FirstFile
instanceKlass java/util/Enumeration
instanceKlass java/util/concurrent/ConcurrentHashMap$Traverser
instanceKlass java/util/concurrent/ConcurrentHashMap$CollectionView
instanceKlass jdk/internal/loader/NativeLibraries$NativeLibraryImpl
instanceKlass jdk/internal/loader/NativeLibrary
instanceKlass java/util/ArrayDeque$DeqIterator
instanceKlass jdk/internal/loader/NativeLibraries$1
instanceKlass jdk/internal/loader/NativeLibraries$LibraryPaths
instanceKlass sun/nio/fs/WindowsNativeDispatcher
instanceKlass sun/nio/fs/NativeBuffer$Deallocator
instanceKlass sun/nio/fs/NativeBuffer
instanceKlass java/lang/ThreadLocal$ThreadLocalMap
instanceKlass sun/nio/fs/NativeBuffers
instanceKlass sun/nio/fs/WindowsFileAttributes
instanceKlass java/nio/file/attribute/DosFileAttributes
instanceKlass sun/nio/fs/AbstractBasicFileAttributeView
instanceKlass sun/nio/fs/DynamicFileAttributeView
instanceKlass sun/nio/fs/WindowsFileAttributeViews
instanceKlass sun/nio/fs/Util
instanceKlass java/nio/file/attribute/BasicFileAttributeView
instanceKlass java/nio/file/attribute/FileAttributeView
instanceKlass java/nio/file/attribute/AttributeView
instanceKlass java/nio/file/Files
instanceKlass java/nio/file/CopyOption
instanceKlass java/nio/file/attribute/BasicFileAttributes
instanceKlass sun/nio/fs/WindowsPath
instanceKlass java/nio/file/Path
instanceKlass java/nio/file/Watchable
instanceKlass java/util/zip/ZipFile$Source$Key
instanceKlass sun/nio/fs/WindowsPathParser$Result
instanceKlass sun/nio/fs/WindowsPathParser
instanceKlass java/util/Collections$UnmodifiableCollection
instanceKlass java/util/Arrays$ArrayItr
instanceKlass java/nio/file/FileSystem
instanceKlass java/nio/file/OpenOption
instanceKlass java/nio/file/spi/FileSystemProvider
instanceKlass sun/nio/fs/DefaultFileSystemProvider
instanceKlass java/util/zip/ZipFile$Source
instanceKlass java/lang/ref/Cleaner$Cleanable
instanceKlass jdk/internal/ref/CleanerImpl
instanceKlass java/lang/ref/Cleaner$1
instanceKlass java/lang/ref/Cleaner
instanceKlass jdk/internal/ref/CleanerFactory$1
instanceKlass java/util/concurrent/ThreadFactory
instanceKlass jdk/internal/ref/CleanerFactory
instanceKlass java/util/zip/ZipCoder
instanceKlass java/util/zip/ZipFile$CleanableResource
instanceKlass java/lang/Runtime$Version
instanceKlass java/util/jar/JavaUtilJarAccessImpl
instanceKlass jdk/internal/access/JavaUtilJarAccess
instanceKlass jdk/internal/loader/FileURLMapper
instanceKlass jdk/internal/loader/URLClassPath$JarLoader$1
instanceKlass java/util/zip/ZipFile$1
instanceKlass jdk/internal/access/JavaUtilZipFileAccess
instanceKlass java/util/zip/ZipFile
instanceKlass java/util/zip/ZipConstants
instanceKlass jdk/internal/loader/URLClassPath$Loader
instanceKlass jdk/internal/loader/URLClassPath$3
instanceKlass java/security/PrivilegedExceptionAction
instanceKlass sun/util/locale/LocaleUtils
instanceKlass sun/util/locale/BaseLocale
instanceKlass java/util/Locale
instanceKlass sun/net/util/URLUtil
instanceKlass java/lang/StringCoding
instanceKlass sun/nio/cs/ArrayDecoder
instanceKlass java/nio/charset/CharsetDecoder
instanceKlass sun/launcher/LauncherHelper
instanceKlass java/lang/reflect/Array
instanceKlass java/lang/invoke/StringConcatFactory$3
instanceKlass java/lang/invoke/StringConcatFactory$2
instanceKlass java/lang/invoke/StringConcatFactory$1
instanceKlass java/lang/invoke/StringConcatFactory
instanceKlass java/lang/ModuleLayer$Controller
instanceKlass java/util/concurrent/CopyOnWriteArrayList
instanceKlass jdk/internal/module/ServicesCatalog$ServiceProvider
instanceKlass jdk/internal/loader/AbstractClassLoaderValue$Memoizer
instanceKlass java/util/ImmutableCollections$ListItr
instanceKlass java/util/ListIterator
instanceKlass java/lang/ModuleLayer
instanceKlass jdk/internal/module/ModuleLoaderMap$Modules
instanceKlass jdk/internal/module/ModuleLoaderMap$Mapper
instanceKlass java/util/function/Function
instanceKlass jdk/internal/module/ModuleLoaderMap
instanceKlass java/util/AbstractMap$1$1
instanceKlass java/lang/module/ResolvedModule
instanceKlass java/lang/module/Configuration
instanceKlass jdk/internal/loader/BuiltinClassLoader$LoadedModule
instanceKlass jdk/internal/loader/AbstractClassLoaderValue
instanceKlass jdk/internal/module/ServicesCatalog
instanceKlass jdk/internal/util/Preconditions
instanceKlass sun/net/util/IPAddressUtil
instanceKlass java/net/URLStreamHandler
instanceKlass java/util/HexFormat
instanceKlass sun/net/www/ParseUtil
instanceKlass java/net/URL$3
instanceKlass jdk/internal/access/JavaNetURLAccess
instanceKlass java/net/URL$DefaultFactory
instanceKlass java/net/URLStreamHandlerFactory
instanceKlass jdk/internal/loader/URLClassPath
instanceKlass java/security/Principal
instanceKlass java/security/ProtectionDomain$Key
instanceKlass java/security/ProtectionDomain$JavaSecurityAccessImpl
instanceKlass jdk/internal/access/JavaSecurityAccess
instanceKlass java/lang/ClassLoader$ParallelLoaders
instanceKlass java/security/cert/Certificate
instanceKlass jdk/internal/loader/ArchivedClassLoaders
instanceKlass java/util/Deque
instanceKlass java/util/Queue
instanceKlass jdk/internal/loader/ClassLoaderHelper
instanceKlass jdk/internal/loader/NativeLibraries
instanceKlass jdk/internal/loader/BootLoader
instanceKlass java/util/Optional
instanceKlass jdk/internal/module/SystemModuleFinders$SystemModuleFinder
instanceKlass java/lang/module/ModuleFinder
instanceKlass jdk/internal/module/SystemModuleFinders$3
instanceKlass jdk/internal/module/ModuleHashes$HashSupplier
instanceKlass jdk/internal/module/SystemModuleFinders$2
instanceKlass java/util/function/Supplier
instanceKlass java/lang/module/ModuleReference
instanceKlass jdk/internal/module/ModuleResolution
instanceKlass java/util/Collections$UnmodifiableMap
instanceKlass jdk/internal/module/ModuleHashes$Builder
instanceKlass jdk/internal/module/ModuleHashes
instanceKlass jdk/internal/module/ModuleTarget
instanceKlass java/util/ImmutableCollections$Set12$1
instanceKlass java/lang/Enum
instanceKlass java/lang/module/ModuleDescriptor$Version
instanceKlass java/lang/module/ModuleDescriptor$Provides
instanceKlass java/lang/module/ModuleDescriptor$Opens
instanceKlass java/util/ImmutableCollections$SetN$SetNIterator
instanceKlass java/lang/module/ModuleDescriptor$Exports
instanceKlass java/lang/module/ModuleDescriptor$Requires
instanceKlass jdk/internal/module/Builder
instanceKlass jdk/internal/module/SystemModules$default
instanceKlass jdk/internal/module/SystemModules
instanceKlass jdk/internal/module/SystemModulesMap
instanceKlass java/net/URI$1
instanceKlass jdk/internal/access/JavaNetUriAccess
instanceKlass java/net/URI
instanceKlass jdk/internal/module/SystemModuleFinders
instanceKlass jdk/internal/module/ArchivedModuleGraph
instanceKlass jdk/internal/module/ArchivedBootLayer
instanceKlass jdk/internal/module/ModuleBootstrap$Counters
instanceKlass jdk/internal/module/ModulePatcher
instanceKlass java/io/FileSystem
instanceKlass java/io/DefaultFileSystem
instanceKlass java/io/File
instanceKlass java/lang/module/ModuleDescriptor$1
instanceKlass jdk/internal/access/JavaLangModuleAccess
instanceKlass sun/invoke/util/VerifyAccess
instanceKlass java/lang/module/ModuleDescriptor
instanceKlass jdk/internal/module/ModuleBootstrap
instanceKlass java/lang/invoke/MethodHandleStatics
instanceKlass java/util/Collections
instanceKlass sun/io/Win32ErrorMode
instanceKlass jdk/internal/misc/OSEnvironment
instanceKlass jdk/internal/misc/Signal$NativeHandler
instanceKlass java/util/Hashtable$Entry
instanceKlass jdk/internal/misc/Signal
instanceKlass java/lang/Terminator$1
instanceKlass jdk/internal/misc/Signal$Handler
instanceKlass java/lang/Terminator
instanceKlass java/nio/ByteOrder
instanceKlass java/nio/Buffer$1
instanceKlass jdk/internal/access/JavaNioAccess
instanceKlass jdk/internal/misc/ScopedMemoryAccess
instanceKlass java/nio/charset/CodingErrorAction
instanceKlass sun/nio/cs/SingleByte
instanceKlass java/lang/StringUTF16
instanceKlass sun/nio/cs/MS1252$Holder
instanceKlass sun/nio/cs/ArrayEncoder
instanceKlass java/nio/charset/CharsetEncoder
instanceKlass java/lang/reflect/Modifier
instanceKlass java/lang/Class$1
instanceKlass java/lang/Class$Atomic
instanceKlass java/lang/Class$ReflectionData
instanceKlass jdk/internal/util/ArraysSupport
instanceKlass java/nio/charset/StandardCharsets
instanceKlass sun/nio/cs/HistoricallyNamedCharset
instanceKlass sun/security/action/GetPropertyAction
instanceKlass java/lang/ThreadLocal
instanceKlass java/nio/charset/spi/CharsetProvider
instanceKlass java/nio/charset/Charset
instanceKlass java/io/Writer
instanceKlass java/io/OutputStream
instanceKlass java/io/Flushable
instanceKlass java/io/FileDescriptor$1
instanceKlass jdk/internal/access/JavaIOFileDescriptorAccess
instanceKlass java/io/FileDescriptor
instanceKlass jdk/internal/util/StaticProperty
instanceKlass java/util/HashMap$HashIterator
instanceKlass java/lang/Integer$IntegerCache
instanceKlass java/lang/CharacterData
instanceKlass java/util/Arrays
instanceKlass java/lang/VersionProps
instanceKlass java/lang/StringConcatHelper
instanceKlass jdk/internal/util/SystemProps$Raw
instanceKlass jdk/internal/util/SystemProps
instanceKlass jdk/internal/misc/VM
instanceKlass java/lang/System$2
instanceKlass jdk/internal/access/JavaLangAccess
instanceKlass java/lang/ref/Reference$1
instanceKlass jdk/internal/access/JavaLangRefAccess
instanceKlass java/lang/ref/ReferenceQueue$Lock
instanceKlass java/lang/ref/ReferenceQueue
instanceKlass jdk/internal/reflect/ReflectionFactory
instanceKlass jdk/internal/reflect/ReflectionFactory$GetReflectionFactoryAction
instanceKlass java/security/PrivilegedAction
instanceKlass java/util/concurrent/locks/LockSupport
instanceKlass java/util/concurrent/ConcurrentHashMap$Node
instanceKlass java/util/concurrent/ConcurrentHashMap$CounterCell
instanceKlass java/util/concurrent/locks/ReentrantLock
instanceKlass java/util/concurrent/locks/Lock
instanceKlass java/lang/Runtime
instanceKlass java/util/HashMap$Node
instanceKlass java/util/KeyValueHolder
instanceKlass java/util/Map$Entry
instanceKlass java/util/ImmutableCollections$MapN$MapNIterator
instanceKlass java/lang/Math
instanceKlass jdk/internal/reflect/Reflection
instanceKlass java/lang/invoke/MethodHandles$Lookup
instanceKlass java/lang/StringLatin1
instanceKlass java/security/Permission
instanceKlass java/security/Guard
instanceKlass java/lang/invoke/MemberName$Factory
instanceKlass java/lang/invoke/MethodHandles
instanceKlass jdk/internal/access/SharedSecrets
instanceKlass java/lang/reflect/ReflectAccess
instanceKlass jdk/internal/access/JavaLangReflectAccess
instanceKlass java/util/ImmutableCollections
instanceKlass java/util/Objects
instanceKlass java/util/Set
instanceKlass jdk/internal/misc/CDS
instanceKlass java/lang/Module$ArchivedData
instanceKlass java/lang/String$CaseInsensitiveComparator
instanceKlass java/util/Comparator
instanceKlass java/io/ObjectStreamField
instanceKlass jdk/internal/vm/vector/VectorSupport$VectorPayload
instanceKlass jdk/internal/vm/vector/VectorSupport
instanceKlass java/lang/reflect/RecordComponent
instanceKlass java/util/Iterator
instanceKlass java/lang/Number
instanceKlass java/lang/Character
instanceKlass java/lang/Boolean
instanceKlass java/util/concurrent/locks/AbstractOwnableSynchronizer
instanceKlass java/lang/LiveStackFrame
instanceKlass java/lang/StackFrameInfo
instanceKlass java/lang/StackWalker$StackFrame
instanceKlass java/lang/StackStreamFactory$AbstractStackWalker
instanceKlass java/lang/StackWalker
instanceKlass java/nio/Buffer
instanceKlass java/lang/StackTraceElement
instanceKlass java/util/RandomAccess
instanceKlass java/util/List
instanceKlass java/util/AbstractCollection
instanceKlass java/util/Collection
instanceKlass java/lang/Iterable
instanceKlass java/util/concurrent/ConcurrentMap
instanceKlass java/util/AbstractMap
instanceKlass java/security/CodeSource
instanceKlass jdk/internal/loader/ClassLoaders
instanceKlass java/util/jar/Manifest
instanceKlass java/net/URL
instanceKlass java/io/InputStream
instanceKlass java/io/Closeable
instanceKlass java/lang/AutoCloseable
instanceKlass jdk/internal/module/Modules
instanceKlass jdk/internal/misc/Unsafe
instanceKlass jdk/internal/misc/UnsafeConstants
instanceKlass java/lang/AbstractStringBuilder
instanceKlass java/lang/Appendable
instanceKlass java/lang/AssertionStatusDirectives
instanceKlass java/lang/invoke/MethodHandleNatives$CallSiteContext
instanceKlass jdk/internal/invoke/NativeEntryPoint
instanceKlass java/lang/invoke/CallSite
instanceKlass java/lang/invoke/MethodType
instanceKlass java/lang/invoke/TypeDescriptor$OfMethod
instanceKlass java/lang/invoke/LambdaForm
instanceKlass java/lang/invoke/MethodHandleNatives
instanceKlass java/lang/invoke/ResolvedMethodName
instanceKlass java/lang/invoke/MemberName
instanceKlass java/lang/invoke/VarHandle
instanceKlass java/lang/invoke/MethodHandle
instanceKlass jdk/internal/reflect/CallerSensitive
instanceKlass java/lang/annotation/Annotation
instanceKlass jdk/internal/reflect/FieldAccessor
instanceKlass jdk/internal/reflect/ConstantPool
instanceKlass jdk/internal/reflect/ConstructorAccessor
instanceKlass jdk/internal/reflect/MethodAccessor
instanceKlass jdk/internal/reflect/MagicAccessorImpl
instanceKlass java/lang/reflect/Parameter
instanceKlass java/lang/reflect/Member
instanceKlass java/lang/reflect/AccessibleObject
instanceKlass java/lang/Module
instanceKlass java/util/Map
instanceKlass java/util/Dictionary
instanceKlass java/lang/ThreadGroup
instanceKlass java/lang/Thread$UncaughtExceptionHandler
instanceKlass java/lang/Thread
instanceKlass java/lang/Runnable
instanceKlass java/lang/ref/Reference
instanceKlass java/lang/Record
instanceKlass java/security/AccessController
instanceKlass java/security/AccessControlContext
instanceKlass java/security/ProtectionDomain
instanceKlass java/lang/SecurityManager
instanceKlass java/lang/Throwable
instanceKlass java/lang/System
instanceKlass java/lang/ClassLoader
instanceKlass java/lang/Cloneable
instanceKlass java/lang/Class
instanceKlass java/lang/invoke/TypeDescriptor$OfField
instanceKlass java/lang/invoke/TypeDescriptor
instanceKlass java/lang/reflect/Type
instanceKlass java/lang/reflect/GenericDeclaration
instanceKlass java/lang/reflect/AnnotatedElement
instanceKlass java/lang/String
instanceKlass java/lang/constant/ConstantDesc
instanceKlass java/lang/constant/Constable
instanceKlass java/lang/CharSequence
instanceKlass java/lang/Comparable
instanceKlass java/io/Serializable
ciInstanceKlass java/lang/Object 1 1 79 1 7 1 1 1 1 1 1 1 1 1 1 1 1 1 100 1 1 1 100 12 10 12 10 1 100 1 12 10 1 1 12 10 1 8 12 10 1 100 1 1 12 10 12 10 1 1 1 1 100 1 12 10 1 1 100 1 8 1 12 10 3 1 8 5 0 1 1 100 1 1 1 1 1 1 1 1 1
ciInstanceKlass java/lang/Class 1 1 1462 1 7 1 1 7 1 100 1 100 1 100 1 100 1 100 1 100 1 100 1 7 1 7 1 100 1 7 1 100 1 7 1 1 1 1 7 1 100 1 1 7 1 7 1 1 1 100 1 100 1 1 100 1 1 100 1 100 1 1 100 1 100 1 1 1 3 1 3 1 3 1 1 1 1 1 1 1 1 1 1 1 1 1 1 1 1 1 1 1 1 1 1 1 1 1 1 1 1 5 0 1 1 1 1 1 1 1 1 1 1 1 1 1 1 1 1 1 1 1 1 1 12 10 12 9 12 9 1 1 1 7 10 1 1 12 10 1 8 1 12 10 1 8 1 8 1 7 1 1 12 10 1 12 10 12 10 1 10 1 12 10 1 1 12 10 1 1 12 10 1 100 1 12 10 1 12 10 1 12 10 1 12 10 1 8 1 12 10 1 8 1 12 10 1 8 1 8 1 1 12 10 1 100 1 1 12 10 1 16 1 1 12 10 15 16 1 100 1 1 12 10 15 1 1 12 18 1 100 1 1 12 11 1 8 1 8 1 8 1 100 1 1 12 10 1 1 12 11 1 100 1 8 1 12 10 1 1 100 1 1 12 11 1 1 12 10 11 1 100 1 8 1 12 11 15 1 16 18 1 8 1 12 10 1 1 1 1 100 1 1 7 1 12 10 1 7 1 1 12 10 1 1 12 10 1 1 1 7 1 1 12 10 1 100 1 1 12 9 1 100 1 1 12 10 1 1 1 1 7 1 12 10 1 1 12 10 1 16 1 7 1 12 10 15 16 1 1 12 18 1 7 1 1 12 10 1 12 10 1 7 10 1 1 1 100 1 100 1 1 1 1 100 1 100 1 1 12 10 12 9 1 8 1 12 10 1 100 1 1 12 10 1 1 12 10 1 1 12 10 1 12 10 10 1 1 12 10 1 12 10 1 100 1 1 12 10 1 1 12 10 1 1 12 10 1 1 1 1 1 1 12 9 1 12 10 1 1 12 10 1 12 10 12 9 1 12 9 1 1 1 12 10 1 100 10 1 1 1 1 12 10 12 10 1 1 1 1 12 10 10 1 100 1 12 9 1 12 10 1 8 1 1 12 10 1 1 12 10 1 12 10 1 1 1 1 12 10 1 1 12 10 1 12 10 1 12 9 100 1 12 10 1 12 10 1 12 10 1 1 1 1 1 1 1 1 100 1 1 12 10 1 12 10 1 12 10 1 1 12 10 1 100 1 1 12 10 1 12 10 1 1 12 10 1 12 10 1 12 10 1 1 12 10 1 100 1 7 10 10 10 1 1 12 10 1 1 12 10 12 10 1 1 12 10 1 100 1 8 10 1 12 10 7 12 10 1 1 100 1 12 11 1 100 1 12 10 1 12 10 1 1 1 1 12 10 1 100 1 12 10 10 1 1 12 10 1 7 1 8 1 1 12 10 1 1 12 10 1 8 1 1 12 9 1 12 10 12 10 1 12 10 12 10 1 100 1 1 12 9 1 12 10 1 12 9 12 10 1 12 10 1 12 10 10 1 12 10 1 12 10 1 1 12 10 1 1 1 12 10 1 12 10 1 12 10 1 1 12 10 1 1 1 12 10 1 1 12 10 1 1 1 12 10 1 1 12 10 1 1 1 1 1 12 10 1 1 1 100 1 12 10 10 1 100 1 1 12 10 1 1 1 1 12 10 1 1 12 10 10 1 1 1 1 1 12 10 1 1 1 12 10 1 1 1 12 10 1 1 1 1 1 12 10 1 1 1 12 10 1 1 1 1 7 10 1 100 12 10 1 12 11 1 1 1 1 100 1 1 12 10 1 12 10 1 100 1 1 12 10 1 1 12 10 10 1 1 12 10 1 100 10 1 1 12 10 1 100 1 1 12 10 1 100 1 100 1 12 10 12 10 1 1 10 1 12 10 12 10 1 1 12 10 1 12 10 1 100 1 1 12 10 1 100 1 12 11 1 12 10 1 12 10 1 1 1 12 9 1 12 10 1 12 10 12 9 1 100 10 1 1 12 9 12 10 1 100 1 12 10 1 1 1 12 9 1 100 1 1 12 10 12 10 1 12 10 1 100 1 12 10 1 12 10 12 10 1 1 12 10 1 1 1 1 100 10 1 8 1 12 10 11 1 1 12 11 1 100 1 12 11 1 12 11 1 8 1 12 10 1 1 12 10 1 12 9 12 9 1 7 1 12 10 1 12 9 1 1 12 10 1 10 1 12 10 1 1 12 10 1 1 100 1 12 10 1 100 1 12 10 12 9 12 10 1 12 9 1 12 10 1 1 1 1 1 12 10 1 1 1 1 12 9 1 12 9 100 1 12 10 1 1 12 10 1 12 9 1 100 10 1 1 12 10 1 1 12 10 1 1 100 11 1 1 12 9 1 12 9 1 12 10 1 12 9 1 12 9 1 12 10 1 1 12 10 1 12 9 10 1 1 12 10 10 1 1 12 10 12 10 10 1 12 10 12 9 1 1 12 10 1 12 10 1 1 1 12 10 1 12 10 1 8 1 10 1 1 1 8 1 1 12 10 15 16 18 1 8 1 8 1 1 12 10 1 12 9 1 12 9 12 10 1 7 1 100 12 10 12 9 10 1 1 1 12 10 10 12 9 1 8 12 10 1 12 10 1 1 12 10 1 100 1 1 12 9 1 100 1 8 10 1 100 4 10 12 10 1 1 12 11 1 1 12 10 1 100 1 1 12 10 10 1 8 1 8 1 1 1 1 1 1 1 12 10 1 12 9 12 11 1 100 1 1 12 11 1 1 1 1 12 9 1 100 1 1 12 10 1 1 1 100 1 12 10 1 1 1 1 12 10 1 12 9 9 1 1 12 10 1 1 12 10 12 10 12 10 1 1 12 10 1 12 11 1 12 11 1 100 1 1 12 10 1 12 10 1 100 1 12 11 1 100 1 1 12 10 1 12 10 10 1 12 11 1 1 12 11 1 12 10 1 1 1 12 10 1 1 12 9 1 1 1 1 1 100 1 12 9 12 10 1 100 1 1 12 10 1 1 1 1 12 10 1 1 12 10 1 12 10 1 1 12 10 1 1 100 1 1 12 10 1 12 10 1 8 12 10 1 12 10 1 12 10 1 1 1 1 1 100 1 12 10 1 100 1 1 12 11 1 1 12 10 1 1 12 10 16 1 12 10 15 16 1 1 12 18 1 1 12 11 1 12 10 15 18 1 12 11 1 16 1 1 12 10 15 16 1 12 18 1 12 11 12 10 1 12 10 1 12 10 12 10 1 8 1 12 10 1 7 12 9 1 1 1 1 1 1 1 1 1 1
staticfield java/lang/Class EMPTY_CLASS_ARRAY [Ljava/lang/Class; 0 [Ljava/lang/Class;
staticfield java/lang/Class serialPersistentFields [Ljava/io/ObjectStreamField; 0 [Ljava/io/ObjectStreamField;
ciInstanceKlass java/io/Serializable 1 0 5 1 100 1 100
instanceKlass jdk/internal/vm/vector/VectorSupport$VectorShuffle
instanceKlass jdk/internal/vm/vector/VectorSupport$VectorMask
instanceKlass jdk/internal/vm/vector/VectorSupport$Vector
ciInstanceKlass jdk/internal/vm/vector/VectorSupport$VectorPayload 0 0 26 1 100 1 100 1 100 1 1 1 1 1 1 12 10 12 9 1 1 1 1 12 10 1 1 1
ciInstanceKlass jdk/internal/vm/vector/VectorSupport$VectorShuffle 0 0 18 1 100 1 1 100 1 100 1 1 1 1 12 10 1 1 1 1
ciInstanceKlass jdk/internal/vm/vector/VectorSupport$VectorMask 0 0 18 1 100 1 1 100 1 100 1 1 1 1 12 10 1 1 1 1
ciInstanceKlass jdk/internal/vm/vector/VectorSupport$Vector 0 0 18 1 100 1 1 100 1 100 1 1 1 1 12 10 1 1 1 1
ciInstanceKlass jdk/internal/vm/vector/VectorSupport 0 0 367 1 100 1 100 1 100 1 100 1 100 1 100 1 100 1 100 1 100 1 100 1 100 1 100 1 100 1 100 1 100 1 100 1 100 1 100 1 100 1 100 1 100 1 100 1 100 1 100 1 1 1 1 1 1 1 1 1 1 1 1 1 1 1 1 1 1 1 1 1 1 1 1 1 1 3 1 3 1 3 1 3 1 3 1 3 1 3 1 3 1 3 1 3 1 3 1 3 1 3 1 3 1 3 1 3 1 3 1 3 1 3 1 3 1 3 1 3 1 3 1 3 1 3 1 3 1 3 1 3 1 3 1 3 1 3 1 3 1 3 1 3 1 3 1 3 1 3 1 3 1 3 1 1 1 1 1 3 1 1 1 1 1 1 3 1 1 1 1 1 1 1 1 1 1 1 1 12 10 1 1 1 1 12 9 1 1 12 10 1 100 1 12 10 1 1 12 11 1 1 1 1 1 12 11 1 1 1 1 12 11 1 1 1 1 1 12 11 1 1 1 1 100 11 1 100 1 1 12 10 1 1 1 1 12 11 1 1 1 1 12 11 1 1 1 1 1 1 1 100 1 12 11 1 1 1 1 12 11 1 1 1 1 12 11 1 1 1 1 12 11 1 1 1 1 12 11 1 1 1 1 12 11 1 1 1 1 100 1 1 12 10 1 1 1 1 12 11 1 1 1 1 12 11 1 1 1 1 12 11 1 1 1 1 12 11 1 1 1 11 1 1 12 9 1 100 1 12 10 1 1 1 1 12 11 1 1 1 1 1 12 10 1 100 1 1 12 10 1 1 1 1 12 10 12 10 1 1 12 10 1 1 1 1 1 1 1
ciInstanceKlass java/lang/reflect/RecordComponent 0 0 186 1 100 1 100 1 100 1 100 1 100 1 1 1 1 1 1 1 1 1 1 1 1 1 1 1 1 1 1 1 1 1 1 12 10 1 1 12 9 1 1 1 12 9 1 12 9 1 1 12 10 1 1 12 10 1 100 12 10 12 10 12 9 1 1 12 10 1 1 12 10 1 12 10 1 100 1 12 10 1 100 1 12 10 1 1 12 9 1 100 1 1 12 10 1 100 1 1 12 11 10 1 1 12 9 1 100 1 1 12 10 1 1 12 9 1 1 1 1 100 1 1 12 10 1 12 10 1 100 1 12 11 1 100 1 12 10 1 100 1 12 9 12 9 12 9 1 100 1 1 12 10 1 100 1 1 1 12 10 1 1 12 10 1 1 100 10 1 12 10 1 1 12 10 1 8 12 10 12 10 12 9 1 1 1 1
ciInstanceKlass java/util/Iterator 1 1 42 1 100 1 1 100 1 1 1 1 1 1 1 1 100 8 1 1 12 10 1 1 1 1 100 1 1 12 10 12 11 12 11 1 100 1 1 12 11 1 1 1
ciInstanceKlass java/lang/System 1 1 733 1 7 1 100 1 100 1 100 1 100 1 100 1 7 1 100 1 1 1 1 7 1 7 1 1 1 100 1 100 1 1 1 1 1 1 1 1 3 1 3 1 1 1 1 1 1 1 1 1 1 1 1 1 1 1 1 12 10 1 12 9 1 1 1 12 10 1 12 10 1 1 1 12 10 1 1 12 10 1 1 12 9 1 7 1 1 12 10 1 100 12 11 1 100 1 100 1 1 1 100 1 100 1 1 12 10 12 10 1 1 12 10 1 100 1 8 1 12 10 1 100 1 1 12 10 1 1 1 1 100 1 1 12 10 1 16 1 100 1 1 12 10 15 16 1 100 1 1 12 10 15 1 1 12 18 1 100 1 1 12 10 1 100 1 1 12 10 1 100 1 1 12 10 1 100 1 100 1 1 1 1 1 1 1 12 10 1 7 1 1 12 10 1 1 12 9 1 100 1 1 12 10 1 1 12 11 12 10 1 1 12 10 1 100 10 1 1 12 10 1 8 1 12 10 1 8 1 12 10 1 7 12 9 1 8 1 7 1 1 12 10 1 12 10 1 100 1 8 10 1 100 12 9 1 8 1 1 12 10 1 100 1 1 12 10 1 8 1 12 10 1 12 10 8 1 12 10 1 1 12 10 12 10 1 1 1 1 1 1 1 1 1 1 1 12 10 12 9 12 9 1 1 1 7 1 1 12 10 1 7 1 1 12 10 1 1 12 10 1 1 1 12 10 1 12 10 1 7 12 10 1 12 10 1 1 100 1 8 1 12 10 1 12 10 1 1 12 10 1 100 1 8 10 1 12 10 1 100 1 8 10 1 1 8 1 7 12 10 1 1 8 12 10 1 1 1 100 1 8 10 1 1 12 10 1 100 1 12 10 1 1 100 1 1 12 10 15 1 16 1 12 18 1 100 1 1 12 9 1 12 10 1 1 12 10 1 1 12 10 1 1 1 7 1 1 12 10 12 10 1 12 10 1 12 10 1 1 1 12 10 1 1 12 10 1 1 1 1 100 1 7 1 12 10 1 12 10 1 12 10 1 1 1 7 1 1 12 10 1 100 1 8 10 12 9 12 9 1 12 10 1 12 10 1 12 10 1 1 12 10 1 100 1 8 1 1 12 10 1 8 1 1 12 11 12 10 1 1 12 11 1 7 1 1 12 11 1 7 1 12 11 1 12 11 1 12 11 1 12 10 1 8 1 1 12 10 1 8 1 8 1 8 1 8 1 12 11 1 12 10 1 1 12 10 1 12 10 1 7 1 12 10 1 8 1 7 1 7 1 12 9 1 12 10 1 7 12 9 10 12 9 1 7 12 10 1 8 12 10 1 8 1 7 1 12 10 1 12 10 1 7 1 1 12 10 1 1 12 10 1 7 1 1 12 10 12 10 1 1 1 100 1 7 1 1 12 10 12 9 1 8 12 10 1 1 7 1 1 12 10 1 7 1 1 12 10 1 8 10 1 8 1 8 1 8 1 8 10 1 7 1 12 10 1 1 12 10 1 1 12 10 1 1 12 10 1 12 10 1 100 1 1 12 10 1 100 10 1 8 10 10 1 1 12 10 1 1 12 10 1 8 1 12 10 1 8 1 12 10 1 1 12 10 10 1 12 10 1 12 10 12 9 1 1 1 1 1 1 1 1 1 1
staticfield java/lang/System in Ljava/io/InputStream; java/io/BufferedInputStream
staticfield java/lang/System out Ljava/io/PrintStream; org/fusesource/jansi/AnsiPrintStream
staticfield java/lang/System err Ljava/io/PrintStream; org/fusesource/jansi/AnsiPrintStream
instanceKlass jdk/internal/reflect/DelegatingClassLoader
instanceKlass java/security/SecureClassLoader
ciInstanceKlass java/lang/ClassLoader 1 1 978 1 7 1 7 1 7 1 100 1 1 100 1 100 1 1 1 1 1 1 1 1 1 1 1 1 1 1 1 1 1 1 1 1 1 1 1 1 1 1 1 1 1 1 1 1 1 1 1 1 1 1 1 1 1 12 9 1 7 1 1 12 10 1 7 1 100 1 1 12 9 1 7 1 1 12 10 1 7 1 1 12 10 1 1 12 10 12 9 1 1 12 10 1 100 12 10 1 1 1 12 10 1 7 1 1 12 10 1 100 1 8 1 12 10 1 7 1 1 12 10 1 100 12 10 1 10 10 1 7 1 7 7 1 12 10 1 12 10 12 9 10 1 7 1 1 12 10 12 9 12 9 12 9 12 9 12 9 12 9 1 7 1 12 10 12 9 1 1 12 10 1 1 12 10 12 9 12 9 1 100 12 9 1 12 10 12 9 1 1 12 10 1 7 10 1 8 1 1 12 10 1 12 10 10 1 7 1 1 12 10 1 7 1 1 12 10 1 8 1 12 10 12 10 1 1 12 10 1 1 1 1 7 1 12 10 1 1 1 12 10 1 12 10 1 1 12 10 1 12 10 1 12 10 1 100 1 1 12 10 1 1 12 10 1 12 10 1 12 10 1 12 10 1 12 10 1 12 10 1 1 10 1 12 10 1 12 10 1 1 1 1 100 1 12 10 1 1 12 10 1 100 12 10 1 12 10 1 12 10 1 100 1 12 10 1 100 1 1 12 10 10 1 1 1 1 1 100 1 1 1 1 12 10 1 1 1 1 1 1 12 10 1 100 1 8 10 1 8 1 12 10 1 12 10 1 100 1 8 1 1 12 10 1 1 12 10 10 1 1 12 10 1 1 12 10 1 1 1 1 12 10 1 7 10 1 12 10 1 1 12 10 1 1 12 10 1 12 10 12 10 1 1 12 10 12 10 1 1 1 7 1 1 12 10 1 12 10 1 12 10 1 1 12 10 1 12 10 1 12 10 1 12 10 1 1 12 10 1 1 1 1 1 1 12 10 1 1 12 10 1 8 12 9 1 1 12 10 1 8 1 8 1 7 1 12 10 1 100 10 1 12 10 1 12 10 1 12 10 1 1 12 10 1 1 1 100 1 12 10 1 1 7 1 12 10 12 10 1 7 10 1 1 1 1 7 12 10 1 100 1 12 10 10 1 7 1 12 10 1 1 1 1 16 1 1 12 10 15 1 16 1 100 1 1 12 10 15 1 12 18 1 100 1 1 12 10 1 100 1 1 12 10 1 1 1 7 1 12 10 1 1 12 10 1 12 10 1 1 1 1 1 1 1 12 10 1 100 1 12 10 1 1 1 12 10 1 1 1 7 1 12 10 1 12 10 1 8 1 100 10 1 12 10 12 9 1 7 1 12 10 1 12 10 1 1 100 1 100 1 8 1 12 10 10 1 8 1 8 1 1 12 10 1 1 12 10 1 1 12 10 1 100 1 1 12 10 1 100 1 1 12 10 1 100 1 100 1 12 10 1 12 10 1 1 1 1 12 10 1 1 1 1 12 10 1 12 10 12 10 1 100 1 1 12 9 1 1 12 10 1 1 1 1 12 10 1 12 10 1 12 10 1 12 10 1 8 1 12 10 1 7 16 1 1 12 10 15 1 16 1 1 12 18 1 1 12 10 1 1 12 10 1 12 10 1 1 12 10 1 1 1 8 1 12 10 1 1 1 12 10 1 16 1 1 12 10 15 16 1 12 18 1 100 1 1 12 11 1 100 1 1 12 10 12 10 10 1 1 1 12 11 10 1 12 10 15 18 1 1 1 12 10 1 100 12 11 16 1 1 12 10 15 16 1 12 18 1 1 12 11 1 1 1 1 12 10 1 1 12 10 12 10 1 100 1 100 1 8 10 1 1 12 10 1 8 1 8 1 100 1 12 10 12 10 1 100 10 1 12 10 1 8 1 8 1 8 1 12 10 1 1 1 1 12 10 1 1 1 12 10 1 1 1 100 1 1 12 10 1 100 1 12 11 1 1 1 100 10 1 11 1 12 10 1 12 10 1 1 12 10 1 100 1 12 9 1 1 12 9 12 9 1 12 9 1 12 9 1 1 1 12 9 8 1 1 12 10 1 7 1 1 12 10 1 1 12 10 1 1 12 10 1 1 12 10 10 12 10 1 1 12 11 1 100 1 1 12 10 1 100 1 12 10 1 12 10 12 10 1 1 1 1 1 1 1 1 1
staticfield java/lang/ClassLoader nocerts [Ljava/security/cert/Certificate; 0 [Ljava/security/cert/Certificate;
staticfield java/lang/ClassLoader $assertionsDisabled Z 1
ciInstanceKlass jdk/internal/reflect/DelegatingClassLoader 0 0 10 1 100 1 100 1 1 12 10 1
instanceKlass java/net/URLClassLoader
instanceKlass jdk/internal/loader/BuiltinClassLoader
ciInstanceKlass java/security/SecureClassLoader 1 1 81 1 7 1 7 1 7 1 100 1 7 1 1 1 1 1 1 1 12 10 1 7 1 12 10 12 9 1 12 10 1 12 10 1 1 1 1 1 12 10 1 12 10 1 1 1 12 10 1 1 1 7 10 1 12 10 1 12 10 1 7 1 1 12 11 1 7 1 1 12 11 1 1 1 12 10 1 1 1 1 1
instanceKlass jdk/internal/loader/ClassLoaders$BootClassLoader
instanceKlass jdk/internal/loader/ClassLoaders$PlatformClassLoader
instanceKlass jdk/internal/loader/ClassLoaders$AppClassLoader
ciInstanceKlass jdk/internal/loader/BuiltinClassLoader 1 1 654 1 7 1 7 1 100 1 7 1 7 1 100 1 100 1 7 1 7 1 1 7 1 100 1 1 7 1 7 1 1 100 1 7 1 1 1 100 1 100 1 1 1 1 1 1 1 1 1 1 1 1 1 1 1 1 1 1 1 1 12 9 1 1 1 7 1 1 12 10 1 7 1 7 1 7 1 12 10 12 9 12 9 1 7 1 12 10 12 9 1 12 10 12 9 1 1 1 12 10 1 1 1 1 1 1 1 7 1 1 12 10 1 1 12 10 1 7 1 1 12 11 1 100 1 100 10 1 1 12 10 1 8 1 12 10 12 10 1 12 10 1 1 12 10 1 7 1 1 12 11 1 7 1 12 11 1 1 12 11 1 8 1 8 10 12 9 1 7 1 12 10 1 1 1 1 12 11 1 1 1 100 1 12 10 1 100 1 1 12 10 1 1 12 10 1 1 1 7 1 1 12 10 12 10 1 1 12 10 1 100 1 1 12 10 1 7 1 1 12 11 1 7 1 12 10 1 7 1 1 12 10 1 12 10 1 8 1 1 12 10 10 1 8 1 1 12 10 1 1 12 10 1 1 12 10 1 7 1 12 11 1 12 11 1 1 1 1 7 10 1 1 12 11 11 1 12 10 1 12 10 1 1 100 1 7 12 10 1 12 10 1 12 10 1 7 1 1 12 10 1 1 12 10 1 100 1 100 1 12 11 1 100 1 12 10 1 1 12 10 1 100 1 12 10 1 12 10 16 1 12 10 15 16 1 100 1 1 12 10 15 1 1 12 18 1 12 10 1 12 10 1 12 10 15 1 16 18 1 100 1 7 1 12 10 1 1 1 1 7 10 1 1 12 10 1 1 12 10 1 7 1 12 10 1 1 1 12 10 12 9 1 100 10 1 1 1 1 12 10 1 1 12 10 1 12 10 1 100 12 10 1 1 12 10 1 100 1 1 12 10 1 1 12 10 1 12 10 1 1 1 12 10 1 12 10 15 1 16 1 12 18 1 1 12 10 1 12 10 1 1 12 10 1 12 10 1 7 1 12 10 1 1 12 10 1 1 12 10 1 12 10 1 7 1 12 11 1 12 10 1 7 1 100 1 12 10 1 12 10 1 1 12 11 1 1 1 12 10 1 1 12 10 1 1 12 10 1 1 12 10 1 12 10 1 12 10 1 12 10 1 7 1 12 10 1 8 1 1 12 10 1 12 10 1 12 10 1 100 1 8 1 8 10 1 12 10 1 8 1 8 1 7 1 1 12 10 1 7 1 1 12 11 1 1 12 9 1 1 12 10 1 12 9 1 12 9 1 12 9 1 12 9 1 12 9 1 12 9 1 7 1 1 12 10 1 8 1 12 10 1 1 1 7 12 10 1 12 10 10 1 1 12 11 12 10 1 12 10 1 12 10 1 12 10 1 12 10 10 1 1 1 12 10 1 12 10 1 8 1 7 1 12 10 12 10 1 1 1 1 1 1 1 1
staticfield jdk/internal/loader/BuiltinClassLoader packageToModule Ljava/util/Map; java/util/concurrent/ConcurrentHashMap
staticfield jdk/internal/loader/BuiltinClassLoader $assertionsDisabled Z 1
ciInstanceKlass java/security/AccessController 1 1 258 1 7 1 100 1 1 1 1 3 1 100 1 1 1 1 1 12 10 1 1 1 1 1 7 1 1 12 10 1 1 12 10 1 1 1 12 10 12 10 1 7 1 1 12 10 1 1 12 10 1 12 10 1 1 1 12 10 1 1 1 12 10 1 100 1 8 1 12 10 1 7 1 12 10 1 100 1 1 12 10 1 1 1 100 1 100 1 100 1 12 10 1 7 1 1 12 10 12 10 1 12 10 1 1 1 1 12 10 1 7 1 1 12 10 1 1 12 10 1 100 1 1 12 9 1 100 1 1 12 10 1 12 10 1 12 10 1 1 12 9 1 1 1 1 1 1 1 12 10 1 1 12 10 12 9 10 1 100 10 1 7 1 1 12 11 1 7 1 12 10 1 11 1 1 12 10 1 1 1 1 12 10 1 12 10 1 1 1 100 1 8 1 1 12 10 1 8 1 100 1 1 12 10 1 8 1 100 10 1 1 12 10 1 12 10 1 1 12 10 1 12 10 1 100 1 8 1 100 1 12 10 1 8 1 8 1 12 10 1 8 1 12 10 12 10 1 1 12 10 1 1 1 1 1 1 1 1
staticfield java/security/AccessController $assertionsDisabled Z 1
instanceKlass jdk/internal/reflect/DelegatingConstructorAccessorImpl
instanceKlass jdk/internal/reflect/NativeConstructorAccessorImpl
ciInstanceKlass jdk/internal/reflect/ConstructorAccessorImpl 1 1 21 1 100 1 7 1 100 1 1 12 10 1 1 1 100 1 100 1 100 1 1
instanceKlass jdk/internal/reflect/FieldAccessorImpl
instanceKlass jdk/internal/reflect/ConstructorAccessorImpl
instanceKlass jdk/internal/reflect/MethodAccessorImpl
ciInstanceKlass jdk/internal/reflect/MagicAccessorImpl 1 1 10 1 100 1 7 1 1 12 10 1
instanceKlass jdk/internal/reflect/DelegatingMethodAccessorImpl
instanceKlass jdk/internal/reflect/NativeMethodAccessorImpl
ciInstanceKlass jdk/internal/reflect/MethodAccessorImpl 1 1 19 1 100 1 7 1 100 1 1 12 10 1 1 1 100 1 100 1 1
ciInstanceKlass java/lang/Module 1 1 859 1 7 1 7 1 100 1 100 1 7 1 100 1 100 1 100 1 7 1 7 1 1 1 7 1 1 7 1 1 1 1 100 1 100 1 1 1 1 1 1 1 1 1 1 1 1 1 1 1 1 1 1 1 1 1 1 1 1 1 1 1 1 1 1 12 10 12 9 1 12 10 12 9 12 9 12 9 1 1 12 10 1 12 10 1 7 1 7 1 7 1 1 12 10 1 7 1 1 12 10 1 7 1 1 12 10 1 1 12 10 1 7 1 1 12 11 1 1 12 10 1 7 1 1 12 10 1 7 1 100 1 1 12 10 1 1 1 1 1 1 7 1 1 12 10 1 100 1 1 12 9 1 100 1 1 12 10 1 1 1 1 12 10 1 8 1 1 12 10 1 12 10 12 9 1 12 9 1 1 1 1 12 10 12 9 1 12 11 1 12 9 1 100 1 1 12 10 1 1 1 1 100 1 1 12 10 1 1 12 10 1 100 1 100 10 1 1 12 10 1 8 1 12 10 12 10 1 12 10 1 1 12 10 1 1 1 12 10 1 1 12 10 1 100 1 1 12 9 1 1 12 10 1 1 1 1 12 10 1 12 9 1 12 10 1 12 10 12 9 1 7 1 12 11 1 1 12 10 12 9 1 1 12 9 1 12 10 1 12 10 1 1 1 1 1 100 1 8 10 1 1 12 10 1 12 10 1 8 1 1 1 1 1 1 12 10 1 1 1 8 1 8 1 1 12 10 1 12 10 1 1 12 10 16 1 1 12 10 15 16 1 100 1 1 12 10 15 1 1 12 18 1 1 12 10 1 12 11 1 12 9 12 11 1 1 1 100 1 12 10 1 100 1 8 10 1 7 1 1 12 11 1 12 10 1 12 10 1 12 10 1 1 1 12 11 1 7 1 12 11 1 1 12 11 12 9 1 12 11 1 1 1 1 12 10 1 1 1 12 10 1 12 9 1 12 10 1 7 12 10 1 1 1 7 1 12 10 10 1 100 16 1 1 12 10 15 16 1 1 12 18 1 1 12 11 16 1 100 10 15 1 16 1 12 18 1 1 12 11 1 100 1 1 12 10 1 1 12 11 1 1 1 1 7 1 12 10 4 1 7 1 12 11 1 7 1 7 10 1 7 1 1 12 10 1 7 1 100 1 100 10 12 11 1 8 10 1 1 12 10 1 7 12 10 1 12 10 1 12 10 12 10 10 1 1 12 11 12 10 1 1 12 10 12 9 1 100 10 1 1 12 10 1 7 11 1 1 12 10 1 12 11 10 1 12 10 11 1 1 12 10 1 1 12 10 1 1 12 10 1 7 1 12 10 1 12 10 1 12 10 10 1 12 10 1 12 10 1 1 12 10 15 1 16 1 12 18 1 12 11 1 1 12 10 15 1 16 1 12 18 1 12 10 1 12 10 12 10 1 12 10 1 12 10 1 12 10 12 9 1 10 10 10 1 12 10 1 1 12 10 1 1 1 12 10 1 12 10 1 1 12 10 1 12 10 1 12 9 16 1 12 10 15 16 1 1 12 18 1 100 1 1 12 10 1 100 1 100 1 8 1 1 12 10 1 12 10 1 100 1 12 10 1 1 12 10 1 1 100 1 100 1 8 1 100 10 3 1 12 10 1 100 1 12 10 1 1 12 10 1 1 12 10 1 12 10 1 1 12 10 1 100 1 100 1 100 12 10 1 100 1 8 1 12 10 1 1 12 10 1 100 1 12 10 1 1 12 10 12 10 12 10 1 1 12 10 1 100 10 1 1 12 10 1 100 1 1 12 10 1 8 1 1 12 10 1 100 1 12 10 1 8 1 12 10 1 8 1 12 10 12 10 12 10 1 8 10 1 12 10 1 100 10 1 1 12 10 1 12 10 1 12 9 1 12 9 1 12 9 1 12 9 12 10 1 12 11 1 12 10 1 1 1 1 1 1 1 1
staticfield java/lang/Module ALL_UNNAMED_MODULE Ljava/lang/Module; java/lang/Module
staticfield java/lang/Module ALL_UNNAMED_MODULE_SET Ljava/util/Set; java/util/ImmutableCollections$Set12
staticfield java/lang/Module EVERYONE_MODULE Ljava/lang/Module; java/lang/Module
staticfield java/lang/Module EVERYONE_SET Ljava/util/Set; java/util/ImmutableCollections$Set12
staticfield java/lang/Module $assertionsDisabled Z 1
ciInstanceKlass java/util/ArrayList 1 1 415 1 7 1 1 7 1 100 1 100 1 100 1 100 1 7 1 100 1 100 1 100 1 7 1 7 1 1 1 1 1 1 5 0 1 1 3 1 1 1 1 1 1 1 1 12 10 1 7 12 9 12 9 1 100 1 100 10 1 8 1 1 12 10 1 12 10 1 1 12 10 1 12 10 12 9 1 1 1 7 1 1 12 11 12 9 1 1 12 10 7 1 7 1 1 12 10 1 1 12 9 1 12 10 1 1 1 12 10 1 7 1 1 12 10 1 7 1 1 12 10 1 1 1 1 1 1 1 12 10 1 1 12 10 1 12 10 1 1 12 10 1 1 1 100 12 10 1 100 1 12 10 1 1 1 7 1 1 12 10 1 1 1 1 1 1 1 7 1 12 10 12 10 1 1 1 1 1 1 12 10 1 12 10 1 1 1 12 10 1 1 1 12 10 1 1 12 10 1 1 12 10 1 12 10 1 1 100 10 1 1 12 11 1 100 1 12 11 1 12 11 1 12 10 1 1 1 12 10 12 10 1 1 1 1 1 1 1 1 1 100 1 1 12 10 10 1 1 12 10 1 12 10 1 8 1 8 1 8 1 8 1 1 1 1 12 10 1 1 1 100 1 1 12 10 12 11 1 1 1 100 1 100 1 12 10 1 12 10 1 12 10 1 1 1 100 1 100 1 12 10 1 12 10 1 100 1 1 12 10 1 100 1 1 12 11 12 10 1 100 1 8 10 1 1 1 1 12 10 1 1 1 1 12 10 1 1 1 1 1 12 10 1 12 10 1 1 1 1 100 12 10 1 12 11 1 1 1 1 12 10 1 1 1 1 1 1 1 1 1 1 12 10 1 1 100 1 12 11 12 10 1 100 12 10 12 10 1 1 1 1 1 12 10 1 1 100 1 12 11 1 1 1 1 12 10 1 1 1 1 1 1 1 1 1
staticfield java/util/ArrayList EMPTY_ELEMENTDATA [Ljava/lang/Object; 0 [Ljava/lang/Object;
staticfield java/util/ArrayList DEFAULTCAPACITY_EMPTY_ELEMENTDATA [Ljava/lang/Object; 0 [Ljava/lang/Object;
ciInstanceKlass java/util/concurrent/ConcurrentHashMap 1 1 1022 1 7 1 1 7 1 100 1 100 1 100 1 100 1 100 1 100 1 100 1 100 1 100 1 100 1 100 1 100 1 100 1 100 1 100 1 100 1 100 1 100 1 100 1 100 1 100 1 100 1 100 1 100 1 100 1 100 1 100 1 100 1 100 1 100 1 100 1 100 1 100 1 100 1 7 1 7 1 7 1 100 1 100 1 100 1 100 1 100 1 100 1 100 1 100 1 100 1 100 1 100 1 100 1 100 1 7 1 7 1 7 1 100 1 7 1 1 1 1 1 1 7 1 7 1 1 1 1 1 1 100 1 100 1 1 100 1 1 1 1 1 1 1 1 1 1 1 1 1 1 1 1 1 1 1 1 1 1 1 1 1 1 1 1 1 1 1 1 1 1 1 1 1 1 1 1 1 1 1 1 1 1 1 5 0 1 1 3 1 3 1 3 1 1 1 4 1 3 1 3 1 3 1 1 1 3 1 1 3 1 3 1 3 1 3 1 1 1 1 1 1 1 1 1 1 1 1 1 1 1 1 1 1 1 1 1 1 1 1 1 1 1 1 1 1 1 1 1 1 1 7 1 12 10 1 1 1 1 100 1 7 1 1 12 10 1 100 1 100 1 1 12 10 1 100 1 100 1 1 12 11 1 12 11 1 1 1 1 1 12 11 1 1 1 12 9 12 9 12 9 1 7 1 1 12 10 1 1 1 1 1 12 10 1 1 1 1 1 12 10 1 1 12 10 1 1 12 10 1 1 12 9 1 12 10 1 1 100 10 5 0 12 10 1 1 1 1 12 10 5 0 1 1 1 1 1 1 12 10 12 10 12 9 12 10 1 12 9 1 1 12 9 1 1 12 10 7 1 12 9 1 1 12 10 1 1 12 9 1 12 10 1 1 100 10 1 12 10 1 1 12 10 1 1 1 1 1 12 10 1 1 1 12 10 1 12 10 12 10 1 1 12 10 1 1 12 10 1 100 1 8 1 12 10 1 100 1 1 12 10 1 1 12 10 12 11 1 12 10 1 12 11 1 7 1 1 12 11 1 7 1 12 11 1 12 11 1 12 11 1 12 11 1 1 1 12 10 1 12 10 1 1 12 9 1 1 12 10 9 1 1 12 10 1 12 9 1 1 12 10 5 0 1 1 1 12 9 1 12 10 1 1 12 9 1 12 10 1 12 9 10 1 1 1 100 10 1 1 12 10 1 8 1 12 10 12 10 11 1 1 1 100 1 7 1 12 10 1 1 12 10 1 8 1 12 10 1 8 1 12 10 1 8 1 12 10 1 12 10 1 1 1 100 1 100 1 12 10 12 10 1 12 10 1 12 10 1 12 9 9 1 12 10 12 9 1 1 1 1 1 1 1 1 1 1 1 100 1 1 12 11 1 1 1 1 100 1 12 11 1 1 1 12 10 1 100 1 12 11 1 1 1 1 1 1 7 10 12 11 1 1 1 1 1 1 1 1 12 10 1 1 1 1 12 10 1 1 10 1 1 1 10 1 100 1 1 12 9 1 1 12 10 1 1 1 3 1 1 100 1 12 10 12 9 1 1 12 10 12 9 12 9 1 1 12 10 100 1 100 1 12 10 12 9 1 12 9 1 1 12 10 12 10 12 9 12 9 1 1 12 10 1 9 3 1 12 9 1 12 10 12 9 1 12 10 12 9 1 12 10 12 9 1 100 1 1 12 10 1 12 10 1 1 1 1 5 0 1 100 1 12 10 1 1 12 10 1 12 10 1 12 10 1 1 1 12 10 10 1 1 1 1 100 10 1 12 10 10 1 1 1 1 12 10 10 1 1 1 1 12 10 10 1 100 1 1 12 10 1 1 1 1 12 10 10 1 100 1 12 10 1 1 1 1 12 10 10 1 12 10 1 1 1 1 12 10 10 1 1 1 12 10 10 1 1 1 1 12 10 10 1 1 1 12 10 10 1 1 1 12 10 10 1 1 1 1 12 10 10 1 1 1 1 12 10 10 1 1 1 1 12 10 10 1 1 10 10 1 10 10 1 1 10 10 1 1 1 12 10 10 1 1 12 10 10 1 1 1 12 10 10 1 1 1 12 10 10 1 1 1 12 10 10 1 1 10 10 1 10 10 1 1 10 10 1 1 1 1 12 10 10 1 1 12 10 10 1 1 1 12 10 10 1 1 1 12 10 10 1 1 1 12 10 10 12 10 1 1 7 1 1 12 10 1 12 10 1 7 1 12 10 1 1 12 9 12 9 1 1 12 10 8 1 1 12 10 8 8 8 8 1 1 12 10 1 12 10 1 100 1 8 10 1 7 1 1 1 1 1 1 1
staticfield java/util/concurrent/ConcurrentHashMap NCPU I 4
staticfield java/util/concurrent/ConcurrentHashMap serialPersistentFields [Ljava/io/ObjectStreamField; 3 [Ljava/io/ObjectStreamField;
staticfield java/util/concurrent/ConcurrentHashMap U Ljdk/internal/misc/Unsafe; jdk/internal/misc/Unsafe
staticfield java/util/concurrent/ConcurrentHashMap SIZECTL J 20
staticfield java/util/concurrent/ConcurrentHashMap TRANSFERINDEX J 32
staticfield java/util/concurrent/ConcurrentHashMap BASECOUNT J 24
staticfield java/util/concurrent/ConcurrentHashMap CELLSBUSY J 36
staticfield java/util/concurrent/ConcurrentHashMap CELLVALUE J 144
staticfield java/util/concurrent/ConcurrentHashMap ABASE I 16
staticfield java/util/concurrent/ConcurrentHashMap ASHIFT I 2
ciInstanceKlass java/lang/String 1 1 1202 1 7 1 1 7 1 100 1 100 1 7 1 100 1 100 1 7 1 7 1 7 1 1 7 1 7 1 100 1 100 1 1 100 1 1 100 1 100 1 1 1 1 1 1 1 1 1 1 1 1 1 5 0 1 1 1 1 1 3 1 1 1 1 3 1 3 1 1 12 10 1 8 12 9 12 9 1 1 12 9 1 1 12 10 1 1 1 12 10 1 1 12 10 1 1 100 12 9 1 1 12 10 10 1 1 1 1 100 1 7 1 1 12 10 1 1 12 10 1 1 12 10 1 12 10 1 1 100 1 1 12 10 1 12 10 1 100 1 7 1 1 12 10 1 7 1 7 1 1 12 9 1 7 1 1 12 10 1 1 12 10 1 1 12 10 1 1 12 10 1 1 12 10 1 1 12 10 1 7 1 12 9 12 10 1 7 1 12 9 1 1 12 10 1 7 1 1 12 11 1 100 1 12 11 1 1 12 11 1 1 12 10 1 1 12 10 1 100 1 1 12 9 1 1 12 10 1 12 10 1 1 12 11 1 1 12 10 1 100 12 10 1 1 12 10 1 100 1 1 12 10 1 7 1 1 12 10 1 1 12 10 1 100 1 12 10 1 1 1 12 10 1 1 1 100 1 12 10 1 1 12 10 1 100 1 100 12 10 1 1 12 10 10 1 1 1 100 1 100 1 12 10 12 10 1 1 1 1 12 10 1 1 12 10 1 12 10 1 1 12 10 1 1 12 10 1 7 1 12 10 1 7 11 1 12 11 1 12 11 12 10 1 12 10 12 10 1 1 12 10 10 1 100 1 1 12 10 1 100 1 12 10 1 12 10 1 100 1 12 10 1 12 10 1 1 12 10 1 1 12 10 1 1 1 12 10 1 12 10 1 1 1 1 1 12 10 1 100 12 10 12 10 1 12 10 1 1 12 10 1 100 1 1 12 10 1 12 10 1 1 12 10 1 12 10 1 1 1 12 10 1 1 1 1 1 1 1 1 1 3 1 1 3 1 12 10 12 10 1 1 12 10 12 10 1 12 10 12 10 12 10 12 10 1 12 10 1 12 10 1 1 12 10 1 12 10 12 10 12 10 1 12 10 1 12 10 1 12 10 10 1 100 10 1 8 1 1 12 10 1 12 10 1 8 1 1 12 10 12 10 1 12 10 1 8 10 1 1 12 10 1 1 12 10 1 12 10 1 1 1 12 10 12 10 1 1 100 10 10 1 1 12 10 1 1 1 1 12 10 12 10 10 1 1 1 12 10 1 12 10 1 12 10 1 100 10 12 10 1 1 1 100 10 12 10 1 1 12 10 1 1 1 12 10 1 12 10 10 1 1 1 12 10 10 1 100 10 12 10 1 1 1 1 12 10 1 1 1 12 10 1 1 1 100 10 1 12 10 1 12 10 1 12 10 12 10 12 10 11 12 11 1 12 10 1 1 1 1 12 10 1 1 1 12 10 10 1 12 10 1 12 10 1 12 9 1 7 1 1 12 11 1 10 12 10 1 1 12 10 10 1 12 10 1 12 10 1 1 12 10 1 1 12 9 1 12 10 10 1 12 10 12 10 10 1 12 10 12 10 10 12 10 10 1 12 10 1 1 12 10 12 10 10 12 10 12 10 12 10 12 10 10 1 12 10 1 1 1 12 10 1 12 10 10 1 1 1 1 12 10 1 7 1 1 12 10 1 1 1 12 10 10 1 1 7 1 12 10 1 11 12 10 1 1 1 1 12 10 1 1 12 10 1 7 12 10 1 12 10 1 1 100 10 12 10 1 12 10 1 12 10 1 100 1 12 10 1 12 10 1 100 1 8 10 10 1 12 10 1 1 1 8 12 10 3 3 1 100 10 1 12 10 1 12 10 1 1 12 10 1 1 12 10 1 100 1 1 12 11 1 100 1 12 10 1 12 10 1 1 1 1 12 10 1 12 10 1 1 8 1 1 12 10 1 12 10 1 1 1 100 1 1 12 11 1 100 1 12 11 1 1 12 11 1 12 10 1 1 1 12 10 10 1 7 1 1 12 10 12 10 1 12 10 10 12 10 1 1 12 10 10 1 12 10 10 1 12 10 10 1 12 10 10 1 1 12 10 1 1 1 1 12 10 10 1 100 1 12 10 1 8 1 12 10 16 1 12 10 15 16 1 100 1 1 12 10 15 1 1 12 18 1 1 12 11 3 1 12 10 15 1 12 18 1 1 12 10 15 1 12 18 1 8 1 100 1 1 12 10 1 1 12 11 12 10 10 1 12 10 10 1 1 1 12 11 1 1 12 10 1 12 11 1 12 10 15 18 1 3 11 1 100 1 12 10 11 11 12 10 1 1 1 12 10 1 8 1 12 10 1 12 10 1 1 12 10 10 12 10 1 1 1 1 100 12 11 1 1 12 10 10 1 7 1 1 12 10 1 10 1 100 10 1 12 10 10 1 1 12 10 1 1 1 8 10 1 12 10 1 1 1 1 8 1 8 1 1 12 10 1 12 10 10 12 10 1 1 100 12 10 1 1 100 12 10 1 1 100 12 10 1 1 8 1 12 10 1 1 12 10 1 1 100 10 12 10 1 8 1 8 10 1 1 8 1 8 1 8 1 8 1 1 12 10 1 12 10 1 8 1 1 1 1 100 1 1 12 10 1 1 1 12 10 1 1 100 12 10 12 10 10 12 10 12 10 1 1 7 12 9 10 1 1 1 1 1 1 1 1 1 1
staticfield java/lang/String COMPACT_STRINGS Z 1
staticfield java/lang/String serialPersistentFields [Ljava/io/ObjectStreamField; 0 [Ljava/io/ObjectStreamField;
staticfield java/lang/String CASE_INSENSITIVE_ORDER Ljava/util/Comparator; java/lang/String$CaseInsensitiveComparator
ciInstanceKlass java/security/ProtectionDomain 1 1 283 1 7 1 7 1 7 1 100 1 7 1 100 1 100 1 1 1 1 1 1 1 1 1 1 1 1 1 1 1 1 1 1 1 1 12 10 12 9 10 12 9 12 9 12 9 1 7 1 12 10 1 7 1 12 9 1 100 12 9 1 7 12 9 12 9 1 1 100 100 1 1 12 10 1 1 1 1 1 1 1 1 1 1 1 1 1 100 1 1 12 10 1 12 10 12 10 1 12 9 1 100 1 12 9 1 1 12 10 10 1 100 1 100 1 1 12 10 1 1 1 8 1 100 1 8 1 12 10 1 7 10 1 100 1 12 10 1 1 12 10 1 8 11 1 8 12 10 1 8 1 8 1 12 10 1 12 10 1 12 10 12 10 1 8 1 12 10 1 8 1 8 1 100 1 100 1 1 12 10 1 100 1 1 12 9 12 10 1 100 1 1 12 9 1 1 12 10 1 12 10 1 100 1 1 12 10 10 1 100 1 12 10 1 1 12 10 1 100 1 100 1 12 11 1 12 11 1 1 12 11 1 100 1 12 10 10 1 1 12 11 1 1 12 11 1 12 10 1 12 10 1 100 1 12 10 1 12 11 12 10 1 1 8 1 8 1 7 1 1 12 10 10 1 7 1 1 12 10 1 1 1 1
staticfield java/security/ProtectionDomain filePermCompatInPD Z 0
ciInstanceKlass java/security/CodeSource 1 1 337 1 7 1 7 1 100 1 1 5 0 1 1 1 1 1 1 1 1 1 1 1 1 1 1 1 12 10 12 9 12 9 12 9 12 9 1 7 1 1 12 10 12 9 1 100 100 1 1 12 10 1 100 10 1 1 12 10 1 1 1 100 1 12 10 1 1 12 10 1 1 1 1 1 1 1 100 10 1 100 1 1 12 10 1 100 1 12 10 1 1 12 10 1 12 10 1 100 1 1 12 10 1 1 1 1 12 10 1 1 1 12 10 12 10 10 10 1 12 10 1 100 1 1 12 10 1 12 10 1 12 10 1 12 10 1 8 1 12 10 1 12 10 1 1 12 10 1 12 10 1 8 1 1 12 10 10 1 100 10 1 1 12 10 1 8 1 12 10 1 12 10 1 12 10 1 8 1 8 12 9 1 100 1 8 1 12 10 1 12 10 1 8 1 12 10 1 8 1 8 1 8 1 1 1 100 1 100 1 100 1 12 10 1 1 12 10 1 12 10 1 1 12 10 1 1 12 10 1 1 12 10 1 12 10 12 10 1 12 10 1 1 1 100 1 100 1 100 1 12 10 1 12 10 1 100 12 10 1 100 10 1 8 1 12 10 1 12 10 1 1 12 10 1 100 1 1 12 10 1 8 1 8 10 1 1 12 10 1 100 1 1 12 10 1 100 12 10 1 1 12 10 1 12 11 1 100 10 1 12 10 11 12 10 1 8 1 100 1 12 10 1 1 12 10 1 12 10 1 1 12 11 11 1 1 1 1
ciInstanceKlass java/lang/StringBuilder 1 1 371 1 7 1 1 7 1 100 1 100 1 100 1 1 5 0 1 1 1 1 12 10 1 12 10 1 12 10 1 1 1 12 10 1 1 1 7 1 1 12 10 1 12 10 1 12 10 1 1 12 10 1 1 12 10 1 1 12 10 1 1 12 10 1 1 12 10 1 1 12 10 1 1 12 10 1 1 12 10 1 1 12 10 1 1 12 10 1 1 12 10 1 12 10 1 1 1 12 10 1 12 10 1 1 1 12 10 1 1 1 12 10 1 1 12 10 1 1 12 10 1 1 12 10 1 1 12 10 1 1 12 10 1 1 12 10 1 1 12 10 12 10 1 1 12 10 1 1 12 10 1 1 12 10 1 1 12 10 1 12 10 1 12 10 12 10 1 1 1 12 10 1 1 1 1 12 10 1 1 12 9 1 1 12 9 1 7 1 1 12 10 1 100 10 1 1 1 100 1 100 1 12 10 1 12 10 1 1 12 10 1 1 12 10 1 100 10 1 12 10 1 1 1 100 1 100 1 12 10 1 12 10 1 12 10 1 100 1 8 10 1 1 12 10 1 1 12 10 1 12 10 12 10 12 10 12 10 12 10 12 10 12 10 12 10 12 10 12 10 12 10 12 10 12 10 12 10 1 1 12 10 1 1 12 10 1 12 10 12 10 12 10 12 10 12 10 12 10 12 10 12 10 12 10 12 10 12 10 12 10 12 10 12 10 12 10 12 10 1 12 10 1 1 12 10 1 12 10 1 1 12 10 1 12 10 1 1 12 10 1 12 10 1 1 12 10 1 12 10 1 12 10 1 12 10 10 1 12 10 1 1 1 1 12 10 1 1 1 1 1 1
ciInstanceKlass jdk/internal/loader/ClassLoaders 1 1 162 1 7 1 100 1 7 1 7 1 7 1 1 1 1 1 1 1 1 1 1 1 1 1 12 10 1 1 1 7 1 1 12 10 1 1 12 10 1 100 1 1 12 10 1 1 12 9 1 1 12 9 1 12 9 1 1 1 1 100 1 100 1 7 1 100 1 1 12 11 1 100 1 1 12 11 1 1 12 11 1 100 1 1 12 10 1 100 1 1 12 10 1 100 1 1 7 1 1 12 10 12 9 12 10 12 10 1 12 10 1 8 1 7 1 1 12 10 1 1 12 10 1 7 1 12 10 1 12 10 1 12 10 1 8 1 7 1 12 10 1 8 1 8 1 12 10 1 12 10 1 12 10 1 12 10 1 1 1 1 1 1
staticfield jdk/internal/loader/ClassLoaders JLA Ljdk/internal/access/JavaLangAccess; java/lang/System$2
staticfield jdk/internal/loader/ClassLoaders BOOT_LOADER Ljdk/internal/loader/ClassLoaders$BootClassLoader; jdk/internal/loader/ClassLoaders$BootClassLoader
staticfield jdk/internal/loader/ClassLoaders PLATFORM_LOADER Ljdk/internal/loader/ClassLoaders$PlatformClassLoader; jdk/internal/loader/ClassLoaders$PlatformClassLoader
staticfield jdk/internal/loader/ClassLoaders APP_LOADER Ljdk/internal/loader/ClassLoaders$AppClassLoader; jdk/internal/loader/ClassLoaders$AppClassLoader
ciInstanceKlass jdk/internal/misc/Unsafe 1 1 1203 1 7 1 7 1 1 1 1 3 1 1 1 1 1 1 1 1 1 1 1 1 1 1 1 1 1 1 1 1 1 1 12 10 1 1 12 9 1 1 1 1 1 1 1 1 1 1 1 1 1 1 1 1 1 1 1 1 1 1 1 1 1 1 1 1 1 1 1 1 1 1 1 1 1 1 1 12 9 12 10 1 100 1 1 12 10 12 10 1 12 10 12 10 1 1 1 12 10 1 12 10 1 12 10 1 12 10 1 12 10 1 12 10 1 1 1 1 1 12 10 1 12 10 1 12 10 1 12 10 12 10 12 10 1 1 1 100 10 1 1 1 1 12 10 12 10 1 5 0 1 1 1 12 10 12 10 1 1 1 1 7 1 1 12 10 1 1 12 10 1 12 10 1 12 10 12 10 1 1 12 10 1 12 10 1 12 10 1 100 1 100 10 1 8 1 1 12 10 1 12 10 1 8 1 1 12 10 1 12 10 12 10 1 1 1 12 10 1 12 10 1 12 10 1 1 1 12 10 1 12 10 1 12 10 12 10 1 1 1 12 10 1 12 10 1 12 10 1 1 1 12 10 1 12 10 5 0 5 0 5 0 1 12 10 1 12 10 1 12 10 1 1 12 10 1 12 10 1 12 10 1 12 10 1 12 10 1 1 12 10 1 12 10 1 12 10 1 100 1 8 10 1 1 1 100 10 1 12 10 1 1 1 12 10 1 1 12 10 1 1 1 12 10 1 1 1 1 12 10 1 1 12 10 1 1 1 1 12 10 1 1 12 10 1 1 1 7 1 12 9 1 12 9 1 1 1 1 100 10 1 12 10 1 1 1 1 100 1 1 1 1 8 10 1 8 1 8 1 12 10 1 7 1 1 12 9 1 100 9 1 100 9 1 100 9 9 1 100 9 1 100 9 1 100 9 1 1 1 1 1 1 1 12 10 1 1 12 10 1 1 1 1 1 1 1 1 12 10 1 1 12 10 1 1 1 1 1 5 0 5 0 1 1 12 9 1 12 10 12 10 1 1 12 10 1 12 10 1 12 10 1 1 1 1 1 1 1 8 3 1 1 12 10 1 12 10 1 12 10 1 1 1 1 1 1 1 1 1 1 12 10 1 1 12 10 1 12 10 1 12 10 1 1 12 10 1 12 10 1 12 10 1 1 1 1 1 1 12 10 1 12 10 1 12 10 1 12 10 1 1 12 10 1 12 10 1 12 10 1 1 1 1 12 10 1 1 1 1 12 10 1 12 10 1 12 10 1 12 10 1 12 10 1 12 10 1 1 1 1 1 12 10 1 1 12 10 1 1 1 1 12 10 1 12 10 1 1 12 10 1 1 12 10 1 1 12 10 1 1 12 10 1 1 12 10 1 1 12 10 1 1 1 1 1 1 1 1 1 1 1 1 1 1 1 1 1 1 12 10 1 12 10 1 12 10 1 12 10 1 12 10 1 1 12 10 1 12 10 1 12 10 1 12 10 1 12 10 1 12 10 1 12 10 1 12 10 1 12 10 1 12 10 1 12 10 1 12 10 1 1 1 1 1 1 1 1 1 1 1 1 1 1 1 1 1 1 1 1 1 1 1 1 1 12 10 1 1 1 1 12 10 1 1 1 1 12 10 1 1 1 1 12 10 1 1 1 1 12 10 1 1 12 10 1 12 10 1 12 10 1 1 1 1 1 1 1 1 1 1 1 1 1 1 1 1 12 10 1 12 10 12 10 1 12 10 12 10 1 1 1 1 1 12 10 1 12 10 1 12 10 1 1 1 1 12 10 1 12 10 1 12 10 1 12 10 1 12 10 1 12 10 1 12 10 1 12 10 1 12 10 1 1 12 10 1 1 12 10 1 1 12 10 1 1 12 10 1 1 12 10 1 1 12 10 1 1 12 10 1 1 12 10 1 1 12 10 1 1 12 10 1 1 12 10 1 1 12 10 1 1 12 10 1 1 12 10 1 1 12 10 1 1 12 10 1 1 12 10 1 1 12 10 1 1 1 1 1 1 1 1 1 1 1 1 1 1 1 1 1 1 1 1 1 1 12 10 1 12 10 1 1 100 10 1 1 100 10 1 1 1 12 9 1 5 0 1 1 12 10 5 0 1 12 10 5 0 1 12 10 1 12 10 1 1 12 10 1 1 1 12 10 1 12 10 1 12 10 1 12 10 1 1 1 12 10 1 12 10 1 12 10 1 1 12 10 1 12 10 1 1 1 12 10 1 12 10 1 12 10 1 12 10 1 1 1 12 10 1 12 10 1 12 10 1 1 1 12 10 1 12 10 1 1 12 10 1 1 1 12 10 12 10 1 12 10 10 1 1 12 10 1 12 10 1 1 1 12 10 12 10 12 10 5 0 5 0 5 0 1 1 12 10 1 12 10 1 12 10 12 10 1 1 1 100 1 12 10 1 8 1 100 1 1 12 11 1 8 1 1 12 11 1 100 1 12 10 1 1 1 1 1 3 1 1 1 12 10 1 12 10 1 1 12 10 1 12 10 1 12 10 1 12 10 1 12 10 1 1 1 12 10 1 12 10 1 1 1 12 10 1 1 12 10 10 1 7 12 10 12 9 1 7 12 9 1 7 12 9 1 7 12 9 1 7 12 9 1 7 12 9 1 7 12 9 1 7 12 9 1 7 12 9 12 10 12 9 12 9 12 9 12 9 12 9 12 9 12 9 12 9 12 9 1 12 9 1 1 1 1 1 1 1
staticfield jdk/internal/misc/Unsafe theUnsafe Ljdk/internal/misc/Unsafe; jdk/internal/misc/Unsafe
staticfield jdk/internal/misc/Unsafe ARRAY_BOOLEAN_BASE_OFFSET I 16
staticfield jdk/internal/misc/Unsafe ARRAY_BYTE_BASE_OFFSET I 16
staticfield jdk/internal/misc/Unsafe ARRAY_SHORT_BASE_OFFSET I 16
staticfield jdk/internal/misc/Unsafe ARRAY_CHAR_BASE_OFFSET I 16
staticfield jdk/internal/misc/Unsafe ARRAY_INT_BASE_OFFSET I 16
staticfield jdk/internal/misc/Unsafe ARRAY_LONG_BASE_OFFSET I 16
staticfield jdk/internal/misc/Unsafe ARRAY_FLOAT_BASE_OFFSET I 16
staticfield jdk/internal/misc/Unsafe ARRAY_DOUBLE_BASE_OFFSET I 16
staticfield jdk/internal/misc/Unsafe ARRAY_OBJECT_BASE_OFFSET I 16
staticfield jdk/internal/misc/Unsafe ARRAY_BOOLEAN_INDEX_SCALE I 1
staticfield jdk/internal/misc/Unsafe ARRAY_BYTE_INDEX_SCALE I 1
staticfield jdk/internal/misc/Unsafe ARRAY_SHORT_INDEX_SCALE I 2
staticfield jdk/internal/misc/Unsafe ARRAY_CHAR_INDEX_SCALE I 2
staticfield jdk/internal/misc/Unsafe ARRAY_INT_INDEX_SCALE I 4
staticfield jdk/internal/misc/Unsafe ARRAY_LONG_INDEX_SCALE I 8
staticfield jdk/internal/misc/Unsafe ARRAY_FLOAT_INDEX_SCALE I 4
staticfield jdk/internal/misc/Unsafe ARRAY_DOUBLE_INDEX_SCALE I 8
staticfield jdk/internal/misc/Unsafe ARRAY_OBJECT_INDEX_SCALE I 4
staticfield jdk/internal/misc/Unsafe ADDRESS_SIZE I 8
ciInstanceKlass java/lang/System$2 1 1 343 1 100 1 7 1 100 1 100 1 1 12 1 12 10 1 1 1 1 7 1 12 10 1 1 1 1 12 10 1 1 1 1 12 10 1 1 1 1 12 10 1 1 1 1 12 10 1 1 1 1 1 12 10 1 1 12 10 1 1 1 12 10 1 1 1 1 12 10 1 7 1 1 1 100 12 10 1 1 1 100 1 12 10 1 1 1 12 10 1 1 1 100 1 12 10 1 1 1 1 7 1 12 10 1 1 1 1 1 12 10 1 1 1 1 12 10 1 1 1 12 10 1 1 1 12 10 1 1 1 100 12 10 1 1 1 100 12 10 1 12 10 1 1 1 7 1 12 10 1 1 1 12 10 1 1 1 1 12 10 1 1 12 10 1 1 1 1 12 10 1 1 12 10 1 1 12 10 1 1 12 10 1 1 12 10 1 1 1 12 10 1 1 1 1 1 12 10 1 1 1 12 10 1 12 10 1 1 1 1 12 10 1 1 12 10 1 1 1 1 12 10 1 1 1 7 1 12 10 1 1 12 10 1 1 1 1 12 10 1 1 12 10 1 1 1 100 1 7 12 10 1 1 12 10 1 1 12 10 1 1 12 10 1 1 1 100 1 12 10 1 1 12 10 1 1 1 100 1 12 10 1 1 1 12 10 1 1 1 1 12 10 1 1 1 7 1 12 10 1 1 1 12 10 1 1 1 12 10 1 1 12 10 1 1 1 1 1 12 10 1 1 12 10 1 1 12 10 1 1 1 1 12 10 1 8 1 1 1 1 1 1 1
ciInstanceKlass jdk/internal/access/JavaLangAccess 1 0 134 1 100 1 100 1 1 1 1 1 1 1 1 1 1 1 1 1 1 1 1 1 1 1 1 1 1 1 1 1 1 1 1 1 1 1 1 1 100 1 1 1 1 1 1 1 1 1 1 1 1 1 1 1 1 1 1 1 1 1 1 1 1 1 1 1 1 1 1 1 1 1 1 1 1 1 1 1 1 1 1 1 1 1 1 1 1 1 1 1 1 1 1 1 1 1 1 100 1 1 1 1 1 1 1 1 1 1 1 1 1 1 1 1 1 1 1 1 1 1 1 1 1 1 1 1 1 1 1 1 1 1 1 1
ciMethod java/lang/System$2 newStringUTF8NoRepl ([BII)Ljava/lang/String; 42 0 367 0 0
ciInstanceKlass java/lang/ThreadGroup 1 1 263 1 7 1 7 1 100 1 7 1 1 1 1 1 1 1 1 1 1 1 1 1 1 1 1 1 1 1 12 10 12 9 1 8 12 9 12 9 12 9 1 1 1 12 10 1 1 12 10 1 12 10 1 1 12 10 1 12 10 12 9 1 1 12 10 1 12 10 1 1 1 1 1 1 1 1 1 1 1 3 1 12 9 1 1 1 1 1 100 1 1 12 10 12 9 12 9 1 7 1 1 12 10 100 1 100 12 10 1 1 1 1 7 1 1 12 10 1 100 12 10 1 12 9 12 10 1 1 1 12 10 1 12 9 1 12 10 1 12 10 1 1 12 10 1 1 1 12 10 1 1 1 1 12 10 12 10 1 12 10 10 1 12 10 1 12 10 10 1 1 100 10 12 10 1 12 10 1 12 10 1 1 7 1 12 10 1 1 1 1 12 9 1 12 10 1 100 1 8 1 12 10 1 1 12 10 1 1 12 10 1 1 12 10 11 1 100 1 12 9 1 100 10 1 8 1 1 12 10 12 10 1 8 1 12 10 1 1 12 10 1 1 1 12 10 1 100 10 1 8 10 1 8 1 12 10 1 8 1 1 1 1 1
ciInstanceKlass java/util/Properties 1 1 545 1 7 1 1 7 1 7 1 7 1 1 7 1 7 1 1 100 1 7 1 1 1 1 5 0 1 1 1 1 1 1 1 1 1 1 12 10 1 1 1 100 1 12 10 12 10 12 9 12 9 12 9 1 7 1 12 10 1 1 1 1 12 10 1 1 1 100 1 8 1 7 1 1 12 10 12 10 1 1 12 10 1 1 8 12 10 1 7 12 10 1 1 12 10 1 1 12 9 1 1 12 10 1 7 1 12 10 1 12 10 1 1 12 10 1 100 1 8 1 12 10 100 1 12 10 1 1 12 10 1 1 1 12 10 3 10 1 100 1 1 12 10 1 12 10 1 1 12 10 1 8 1 12 10 1 1 12 10 1 1 1 8 1 100 1 12 10 1 1 12 10 1 12 10 1 1 1 1 12 10 1 1 12 10 1 100 1 1 12 10 1 100 1 100 1 1 12 9 1 12 10 12 10 1 100 10 10 1 1 12 10 1 7 1 1 12 11 1 100 1 7 1 1 12 11 1 1 12 11 1 12 11 1 12 11 12 10 1 8 1 100 1 12 10 1 1 100 1 12 10 1 100 10 1 12 10 1 100 1 12 10 1 1 100 1 12 9 1 12 10 1 1 100 1 100 1 100 1 1 12 10 1 100 10 1 8 1 8 1 12 10 1 1 1 12 10 12 10 1 1 1 1 10 1 1 12 10 1 12 10 1 1 1 100 10 1 12 10 1 12 11 1 7 1 1 12 10 1 1 1 8 1 100 1 12 10 11 1 8 1 1 100 10 1 11 1 1 12 10 1 12 10 1 1 12 10 1 1 12 10 1 1 1 12 10 1 1 12 10 1 12 10 1 12 10 10 1 12 10 1 1 12 10 1 12 10 10 1 1 1 12 10 1 1 1 12 10 1 10 1 12 10 1 12 10 1 12 10 1 12 10 1 1 1 12 10 1 1 1 12 10 1 12 10 1 12 10 1 1 12 10 12 10 1 1 1 12 10 1 1 1 12 10 1 12 10 1 1 1 12 10 1 1 1 1 12 10 12 10 1 1 1 100 10 1 100 1 12 11 4 11 1 1 12 10 1 100 1 12 10 1 12 11 1 1 12 10 1 1 1 100 1 100 1 12 10 1 12 10 1 100 1 8 1 12 10 10 1 100 1 1 12 10 1 100 6 0 1 1 12 10 1 100 1 1 12 11 1 12 10 1 1 1 12 10 1 1 1 1 1 1 1 1 1
staticfield java/util/Properties UNSAFE Ljdk/internal/misc/Unsafe; jdk/internal/misc/Unsafe
instanceKlass java/util/Hashtable
ciInstanceKlass java/util/Dictionary 1 1 28 1 100 1 1 7 1 1 12 10 1 1 1 1 1 1 1 1 1 1 1 1 1 1 1 1 1 1
instanceKlass java/util/Properties
ciInstanceKlass java/util/Hashtable 1 1 436 1 7 1 1 7 1 100 1 100 1 100 1 7 1 7 1 100 1 100 1 100 1 100 1 1 100 1 1 1 1 1 100 1 100 1 1 1 1 1 1 1 1 1 1 1 1 1 5 0 1 3 1 1 1 1 1 1 1 1 1 3 1 3 1 3 1 1 1 12 10 12 9 1 100 1 100 10 1 8 1 1 12 10 1 12 10 1 1 12 10 1 12 10 1 7 1 1 12 10 1 8 1 12 10 12 9 12 9 4 1 7 1 1 12 10 12 9 1 4 12 10 1 1 1 1 12 11 1 1 12 10 1 12 10 1 12 9 1 1 1 1 1 1 1 12 10 1 1 1 1 1 100 10 100 1 1 12 9 1 7 1 12 10 1 1 12 9 1 12 10 1 1 12 10 3 1 12 9 1 12 9 1 1 1 1 1 1 1 12 10 1 12 10 1 1 1 12 10 1 1 12 11 1 100 1 1 12 11 1 100 1 12 11 1 12 11 1 12 11 1 12 11 12 10 1 1 1 1 12 10 12 10 12 9 12 9 12 9 1 1 100 10 1 100 1 12 10 10 1 8 10 1 12 10 1 8 10 1 100 1 8 1 1 100 1 12 10 1 12 10 1 1 1 1 12 10 1 1 12 10 1 1 12 10 1 10 1 1 10 1 1 12 10 1 100 12 11 12 11 10 1 1 10 1 1 1 1 100 1 12 10 1 100 1 1 12 11 1 100 10 1 1 1 1 100 1 12 11 1 1 1 1 1 1 1 1 1 100 12 11 1 1 1 1 12 10 1 1 1 1 1 1 100 1 12 10 1 100 1 12 10 1 12 10 1 100 1 12 10 1 1 1 1 1 100 1 12 10 1 1 12 10 8 1 12 10 1 100 1 8 10 4 12 10 4 1 12 10 1 8 12 10 1 100 1 1 12 10 1 100 1 100 1 1 12 11 1 1 12 10 12 10 1 1 12 10 1 10 1 1 1 1 1 1 1
instanceKlass java/util/zip/ZipFile$ZipFileInputStream
instanceKlass java/io/FilterInputStream
instanceKlass java/io/FileInputStream
instanceKlass java/io/ByteArrayInputStream
ciInstanceKlass java/io/InputStream 1 1 150 1 7 1 7 1 100 1 100 1 1 3 1 3 1 3 1 1 12 10 1 1 10 1 1 1 100 1 1 12 10 1 7 1 1 12 10 12 10 1 1 3 1 1 12 10 1 100 1 8 1 12 10 1 100 1 100 1 100 1 1 12 10 1 100 1 8 10 1 100 1 1 12 10 1 100 10 1 1 12 11 1 1 12 10 1 1 12 11 1 100 1 1 12 11 1 1 12 11 1 100 1 1 12 10 1 1 5 0 1 12 10 1 1 12 10 1 100 10 1 8 10 1 1 1 1 1 1 8 1 1 1 1 8 1 1 12 10 1 100 1 1 12 10 1 1 1 1 1 1
ciInstanceKlass java/io/ByteArrayInputStream 1 1 96 1 7 1 7 1 1 3 1 1 1 1 1 1 1 1 1 1 12 10 12 9 12 9 12 9 12 9 1 1 100 1 1 12 10 1 1 1 1 7 1 1 12 10 1 7 1 1 12 10 1 1 1 100 1 1 12 10 1 12 10 1 1 1 100 1 100 10 1 100 1 12 10 12 9 1 100 10 1 1 1 1 1 1 1 1 1 1 7 1 12 10 1 1 1 1
staticfield java/io/ByteArrayInputStream $assertionsDisabled Z 1
instanceKlass java/util/logging/LogManager$Cleaner
instanceKlass org/apache/maven/shared/utils/logging/MessageUtils$1
instanceKlass jdk/internal/misc/InnocuousThread
instanceKlass java/lang/ref/Finalizer$FinalizerThread
instanceKlass java/lang/ref/Reference$ReferenceHandler
ciInstanceKlass java/lang/Thread 1 1 559 1 7 1 7 1 7 1 100 1 100 1 100 1 100 1 100 1 100 1 100 1 1 1 1 1 1 1 1 1 1 1 1 1 1 1 1 1 1 1 1 1 1 1 1 1 1 1 1 1 1 1 1 1 1 1 1 1 3 1 3 1 3 1 1 1 1 1 1 1 1 1 1 1 1 1 1 1 12 9 1 1 12 9 1 1 1 1 12 10 12 9 12 9 1 100 1 100 1 1 1 1 1 100 1 1 100 1 8 1 1 12 10 3 1 8 5 0 12 10 1 1 12 10 12 9 12 9 12 9 12 9 1 100 1 8 10 1 7 1 100 1 100 12 9 1 7 1 1 12 10 1 100 1 1 12 10 10 1 12 10 1 1 12 10 1 1 12 10 1 100 1 1 12 9 1 1 12 10 1 12 10 12 9 1 1 12 10 1 12 10 12 9 1 1 12 10 12 9 1 7 1 1 12 10 12 9 12 9 1 1 12 10 1 1 12 10 12 9 12 10 12 9 1 1 1 100 10 1 7 10 1 8 1 1 12 10 12 10 1 12 10 1 1 12 10 1 12 10 1 1 12 10 1 1 1 1 1 1 12 9 1 100 10 1 1 12 10 1 12 10 1 12 10 1 12 11 1 1 100 1 1 12 9 1 12 10 1 12 10 12 10 12 9 1 1 1 1 10 1 12 9 1 12 10 1 100 10 1 1 12 10 1 12 9 1 12 10 12 11 1 12 10 1 1 12 9 1 1 1 12 10 1 12 10 10 1 12 10 1 12 10 1 1 12 10 1 1 12 10 1 1 12 10 1 1 100 10 1 12 10 1 12 10 1 12 10 1 100 1 1 12 9 1 1 12 10 12 10 1 1 100 1 8 10 1 12 10 1 1 1 12 10 1 8 12 10 1 8 10 1 8 1 8 1 1 100 1 12 10 1 100 1 1 12 10 1 1 1 100 8 10 1 1 1 1 1 12 9 12 9 1 1 12 10 1 100 100 10 12 10 1 1 1 1 12 9 1 1 12 10 1 100 12 10 1 100 1 100 1 1 12 11 1 1 1 12 9 1 1 12 9 1 1 12 10 1 12 10 1 100 1 1 12 11 1 100 1 12 10 1 1 12 10 1 12 11 1 12 10 1 12 10 1 1 12 10 1 1 1 1 100 1 1 12 10 1 1 8 12 9 1 1 1 1 1 1 12 10 1 1 12 11 1 1 100 1 1 12 10 1 12 11 1 100 1 12 10 1 7 1 1 1 1 1 1 1 1 1
staticfield java/lang/Thread EMPTY_STACK_TRACE [Ljava/lang/StackTraceElement; 0 [Ljava/lang/StackTraceElement;
ciMethod java/lang/System arraycopy (Ljava/lang/Object;ILjava/lang/Object;II)V 256 0 128 0 -1
instanceKlass java/lang/Exception
instanceKlass java/lang/Error
ciInstanceKlass java/lang/Throwable 1 1 353 1 7 1 7 1 100 1 100 1 100 1 100 1 100 1 1 1 1 1 1 5 0 1 1 1 1 1 1 1 1 1 1 1 1 1 1 1 1 1 8 1 1 8 1 1 8 1 1 8 1 1 1 1 1 1 12 10 12 9 12 9 12 9 12 9 12 9 1 1 12 10 1 12 9 1 1 1 1 12 10 1 100 1 1 1 12 10 1 1 1 1 100 1 100 10 1 8 1 1 12 10 1 8 1 100 1 12 10 10 12 10 1 100 1 8 10 1 1 1 12 10 1 7 1 12 10 12 10 1 8 1 1 100 1 1 12 9 1 12 10 12 10 1 12 10 1 100 10 1 7 1 1 12 10 1 100 1 1 12 11 1 1 12 10 1 1 12 10 1 1 12 10 100 1 8 1 12 10 1 1 12 10 100 1 8 1 1 12 10 12 10 1 8 1 12 9 1 100 1 12 10 1 100 10 1 12 11 1 8 1 8 1 7 1 12 10 1 8 1 12 10 1 8 1 12 10 12 9 1 12 10 1 1 12 10 12 9 1 1 12 10 1 1 1 100 1 8 12 10 1 1 1 100 1 100 1 100 1 12 10 1 1 12 10 1 100 1 100 1 1 12 10 1 12 10 1 100 1 1 12 11 1 100 1 1 12 11 1 12 11 1 1 12 10 10 10 1 1 12 9 1 8 1 1 1 12 10 10 1 100 1 8 10 1 1 12 11 1 8 1 1 1 12 9 1 100 1 12 10 1 11 12 9 1 1 12 11 1 1 12 10 1 1 12 10 1 1 1 1 1 1 1
staticfield java/lang/Throwable UNASSIGNED_STACK [Ljava/lang/StackTraceElement; 0 [Ljava/lang/StackTraceElement;
staticfield java/lang/Throwable SUPPRESSED_SENTINEL Ljava/util/List; java/util/Collections$EmptyList
staticfield java/lang/Throwable EMPTY_THROWABLE_ARRAY [Ljava/lang/Throwable; 0 [Ljava/lang/Throwable;
staticfield java/lang/Throwable $assertionsDisabled Z 1
instanceKlass com/google/inject/internal/ErrorsException
instanceKlass com/google/inject/internal/InternalProvisionException
instanceKlass org/codehaus/plexus/context/ContextException
instanceKlass java/text/ParseException
instanceKlass org/codehaus/plexus/PlexusContainerException
instanceKlass org/codehaus/plexus/component/repository/exception/ComponentLookupException
instanceKlass org/codehaus/plexus/util/xml/pull/XmlPullParserException
instanceKlass java/lang/CloneNotSupportedException
instanceKlass org/apache/commons/cli/ParseException
instanceKlass org/apache/maven/cli/MavenCli$ExitException
instanceKlass org/codehaus/plexus/classworlds/ClassWorldException
instanceKlass org/codehaus/plexus/classworlds/launcher/ConfigurationException
instanceKlass java/io/IOException
instanceKlass java/lang/ReflectiveOperationException
instanceKlass java/lang/RuntimeException
ciInstanceKlass java/lang/Exception 1 1 27 1 100 1 7 1 1 5 0 1 1 12 10 1 12 10 1 12 10 1 12 10 1 12 10 1 1
instanceKlass java/lang/InstantiationException
instanceKlass java/lang/NoSuchFieldException
instanceKlass java/lang/IllegalAccessException
instanceKlass java/lang/reflect/InvocationTargetException
instanceKlass java/lang/NoSuchMethodException
instanceKlass java/lang/ClassNotFoundException
ciInstanceKlass java/lang/ReflectiveOperationException 1 1 24 1 100 1 7 1 1 5 0 1 1 12 10 1 12 10 1 12 10 1 12 10 1 1
instanceKlass java/lang/AssertionError
instanceKlass java/io/IOError
instanceKlass org/apache/maven/BuildAbort
instanceKlass java/lang/VirtualMachineError
instanceKlass java/lang/LinkageError
instanceKlass java/lang/ThreadDeath
ciInstanceKlass java/lang/Error 1 1 27 1 100 1 100 1 1 5 0 1 1 12 10 1 12 10 1 12 10 1 12 10 1 12 10 1 1
ciInstanceKlass java/lang/ThreadDeath 0 0 15 1 100 1 100 1 1 5 0 1 1 12 10 1 1
instanceKlass java/lang/IncompatibleClassChangeError
instanceKlass java/lang/UnsatisfiedLinkError
instanceKlass java/lang/BootstrapMethodError
instanceKlass java/lang/NoClassDefFoundError
ciInstanceKlass java/lang/LinkageError 0 0 21 1 100 1 100 1 1 5 0 1 1 12 10 1 12 10 1 12 10 1 1
ciInstanceKlass java/lang/Record 0 0 16 1 100 1 100 1 1 12 10 1 1 1 1 1 1 1
ciInstanceKlass java/lang/StringLatin1 1 1 288 1 7 1 100 1 100 1 100 1 1 1 1 1 1 12 10 1 1 1 100 1 12 10 1 1 1 1 1 1 1 1 1 1 1 1 1 12 10 1 1 7 1 1 12 10 1 12 10 1 1 1 1 1 7 1 1 12 10 1 1 1 1 1 1 12 10 1 7 1 1 12 10 1 12 10 1 12 10 10 1 12 10 1 7 1 1 12 10 10 1 1 100 1 7 1 1 12 9 1 1 12 10 1 7 1 1 12 10 1 12 10 1 1 12 10 1 1 12 10 1 12 10 1 1 1 1 7 1 1 12 10 1 12 10 1 1 12 10 1 1 100 12 9 1 100 10 1 100 1 100 1 1 12 10 1 7 1 1 12 10 1 12 10 1 12 10 1 100 1 8 1 12 10 1 8 1 1 12 10 1 1 1 100 10 10 1 7 1 1 12 10 1 8 1 8 1 8 1 1 12 10 1 100 1 12 10 1 12 10 1 1 12 10 1 12 10 1 100 1 1 12 10 1 12 10 12 10 12 10 1 12 10 12 10 1 1 10 1 1 12 10 1 1 12 10 12 10 1 1 1 1 1 1 1 12 10 1 100 1 1 12 10 1 1 1 1 12 10 1 1 1 12 10 10 1 1 7 1 1 12 10 1 1 1 1 1 1
staticfield java/lang/StringLatin1 $assertionsDisabled Z 1
ciInstanceKlass java/lang/Math 1 1 330 1 7 1 100 1 100 1 1 1 6 0 1 6 0 1 6 0 1 6 0 1 1 1 1 1 1 1 1 1 12 10 1 1 1 1 100 12 10 1 12 10 1 12 10 1 12 10 1 12 10 1 12 10 1 1 1 12 10 1 12 10 1 12 10 1 12 10 1 12 10 1 1 12 10 1 12 10 1 12 10 1 12 10 1 12 10 1 12 10 1 1 1 7 1 12 10 3 3 3 1 1 7 1 12 10 5 0 5 0 5 0 5 0 5 0 1 1 1 1 12 9 1 100 1 12 10 1 1 1 100 1 8 1 12 10 1 1 8 1 1 1 12 10 1 1 12 10 5 0 5 0 1 1 3 5 0 1 3 1 1 1 1 1 1 5 0 1 12 10 1 1 12 10 1 1 8 12 10 1 8 1 1 1 12 9 12 9 1 1 1 1 1 12 10 6 0 1 12 10 12 9 1 100 10 1 12 10 1 100 1 12 10 1 1 12 10 1 12 10 1 12 10 1 1 12 10 1 1 12 10 12 10 1 1 1 12 10 12 10 6 0 1 1 12 10 1 1 12 10 12 10 12 10 4 1 1 12 10 1 12 10 1 1 12 10 12 10 12 10 1 12 10 1 12 10 1 12 10 1 12 10 1 12 10 1 12 10 5 0 1 6 0 1 4 1 6 0 4 1 6 0 4 1 1 12 10 12 9 12 10 12 9 1 1 1 7 1 1 12 10 4 6 0 1 1 1 1 1 1
staticfield java/lang/Math negativeZeroFloatBits J -2147483648
staticfield java/lang/Math negativeZeroDoubleBits J -9223372036854775808
staticfield java/lang/Math $assertionsDisabled Z 1
ciInstanceKlass java/util/Arrays 1 1 887 1 7 1 7 1 100 1 7 1 7 1 100 1 1 100 1 100 1 1 100 1 1 1 100 1 100 1 1 100 1 1 100 1 1 100 1 1 1 100 1 100 1 1 100 1 1 100 1 1 1 100 1 100 1 1 1 3 1 3 1 1 1 1 12 10 1 1 1 100 1 12 10 1 1 1 12 10 1 1 12 10 1 1 1 12 10 1 1 12 10 1 1 12 10 1 1 12 10 1 1 1 12 10 1 1 1 100 1 1 12 10 1 100 1 100 10 1 8 1 1 12 10 1 12 10 1 8 1 8 1 1 12 10 1 12 10 1 100 1 12 10 1 1 1 1 12 9 1 7 1 12 10 1 1 12 10 1 7 1 12 10 1 7 1 1 12 10 1 100 1 12 10 1 1 12 10 1 1 1 1 1 7 1 100 1 1 1 1 12 9 1 12 10 1 100 1 12 10 1 12 10 1 1 12 10 1 12 10 1 1 12 10 1 7 1 1 12 11 1 12 10 1 7 1 1 12 10 12 10 12 10 1 12 10 12 10 12 10 1 1 12 11 1 1 1 1 7 1 1 12 10 1 12 10 10 1 1 1 1 12 10 10 1 1 1 12 10 10 1 1 1 12 10 10 1 1 1 1 1 12 10 1 1 12 10 1 1 12 10 1 1 12 10 1 1 12 10 1 1 12 10 1 100 1 1 12 10 1 100 1 1 12 10 1 100 1 1 12 10 1 100 1 1 12 10 1 1 1 12 10 1 1 1 1 100 1 1 12 10 1 1 12 10 1 1 12 10 1 1 12 10 1 1 12 10 1 1 12 10 1 1 1 12 10 1 1 12 10 1 1 12 10 1 1 12 10 1 1 12 10 1 1 12 10 1 1 12 10 1 1 12 10 1 1 12 10 1 1 12 10 1 1 12 10 1 1 1 1 1 1 1 1 1 1 1 1 1 1 1 1 1 1 1 1 1 1 1 1 1 1 1 12 10 1 1 7 1 1 12 10 1 1 1 1 1 1 1 1 1 1 12 10 1 1 8 1 1 1 1 1 1 1 1 1 1 1 1 12 10 1 1 1 100 1 1 100 1 1 100 1 1 100 1 1 100 1 1 100 1 1 1 12 10 1 12 10 1 1 12 10 1 1 100 1 1 12 9 12 10 1 100 9 12 10 1 100 9 12 10 1 100 9 12 10 1 100 9 12 10 1 100 9 12 10 9 12 10 12 10 1 1 12 10 12 9 1 100 10 12 10 12 10 12 10 12 10 12 10 12 10 12 10 12 10 12 10 1 12 10 1 1 8 1 8 1 12 10 1 12 10 1 8 1 1 1 1 1 1 12 10 1 1 12 10 1 1 12 10 1 1 100 1 1 12 10 1 3 10 1 100 10 1 12 10 1 1 100 1 12 11 1 1 12 10 12 10 12 10 12 10 12 10 12 10 12 10 12 10 12 10 1 12 11 1 8 10 1 12 11 1 1 1 1 100 1 1 12 11 1 1 100 1 1 12 11 1 1 12 11 16 1 1 12 10 15 1 100 1 1 12 10 15 1 1 12 18 1 1 12 11 1 1 100 1 1 12 11 1 1 12 10 15 1 12 18 1 1 100 1 1 12 11 1 1 12 10 15 1 12 18 1 1 100 1 1 12 11 1 1 12 10 15 1 12 18 1 1 1 1 100 1 12 10 1 1 1 12 10 1 1 12 10 1 1 12 10 1 1 12 10 1 1 12 10 1 1 12 10 1 1 12 10 1 1 1 1 12 10 1 12 10 1 100 1 12 10 1 1 12 10 12 10 1 1 12 10 1 1 12 10 12 10 1 1 12 10 1 1 12 10 12 10 1 1 12 10 1 1 12 10 1 1 1 12 10 1 1 12 10 1 1 12 10 1 12 10 1 1 12 10 1 1 12 10 1 12 10 1 1 12 10 1 12 10 1 1 12 10 1 1 1 12 10 1 1 1 1 1 1 1 1 1 1 1 1 1 12 10 1 1 1 1 1 1 1 1
staticfield java/util/Arrays $assertionsDisabled Z 1
ciMethod java/lang/StringLatin1 equals ([B[B)Z 1024 640 2750 0 -1
ciMethod java/lang/StringLatin1 hashCode ([B)I 442 8192 1261 0 352
ciMethod java/lang/StringLatin1 inflate ([BI[BII)V 0 0 5 0 -1
ciMethod java/lang/StringLatin1 charAt ([BI)C 1024 0 120491 0 0
ciInstanceKlass java/lang/StringUTF16 1 1 468 1 7 1 100 1 100 1 100 1 100 1 1 1 1 1 1 1 3 1 1 1 1 12 10 1 1 1 100 10 1 100 1 100 10 1 8 1 1 12 10 1 12 10 1 8 1 1 12 10 1 12 10 1 1 1 12 9 1 1 12 10 1 100 1 8 1 12 10 12 9 12 9 1 1 1 1 10 1 1 12 10 12 10 1 100 1 1 12 10 1 12 10 1 1 12 10 1 12 10 1 1 1 12 10 1 1 1 12 10 12 10 1 1 1 1 12 10 1 1 12 10 1 100 12 10 1 1 12 10 1 1 12 10 1 12 10 1 1 1 12 10 1 12 10 1 100 1 100 1 12 10 10 1 1 12 10 1 12 10 1 1 1 1 1 1 1 1 1 1 12 10 1 12 10 1 100 1 1 12 10 1 1 100 1 12 10 12 10 1 1 1 12 10 1 12 10 1 1 12 10 1 1 12 10 1 12 10 1 12 10 1 1 12 10 1 1 3 1 1 12 10 1 12 10 1 12 10 1 1 12 10 1 7 1 12 10 1 12 10 1 1 12 10 1 1 1 12 9 1 12 10 12 10 1 12 10 1 1 100 12 10 12 10 10 1 100 12 10 12 10 10 1 100 1 1 12 10 1 100 1 1 12 10 1 12 10 1 12 10 1 8 1 8 1 1 1 1 12 10 1 1 100 10 1 100 1 1 12 10 1 100 1 12 10 1 8 1 8 1 8 1 1 12 10 1 1 12 10 12 10 1 12 10 1 100 1 12 10 1 1 12 10 1 12 10 1 100 1 12 10 12 10 12 10 1 12 10 12 10 1 1 1 12 10 1 1 12 10 1 12 10 1 12 10 12 10 1 1 1 1 1 1 1 12 10 1 100 1 1 12 10 1 1 1 1 1 12 10 1 1 12 10 1 1 100 1 12 11 1 1 1 1 1 12 10 1 1 12 10 1 1 1 1 1 1 1 1 1 12 10 1 1 1 1 1 1 12 9 1 12 9 5 0 5 0 1 12 10 12 10 12 10 1 1 7 1 12 10 12 10 1 1 1 1 1 1 1
staticfield java/lang/StringUTF16 HI_BYTE_SHIFT I 0
staticfield java/lang/StringUTF16 LO_BYTE_SHIFT I 8
staticfield java/lang/StringUTF16 $assertionsDisabled Z 1
ciMethod java/lang/StringUTF16 length ([B)I 2 0 70 0 -1
ciMethod java/lang/StringUTF16 hashCode ([B)I 0 0 1 0 -1
ciMethod java/lang/StringUTF16 checkIndex (I[B)V 0 0 57 0 -1
ciMethod java/lang/StringUTF16 getChar ([BI)C 768 0 10145 0 -1
ciMethod java/lang/StringUTF16 newBytesFor (I)[B 0 0 5 0 -1
ciMethod java/lang/StringUTF16 charAt ([BI)C 0 0 6 0 0
ciInstanceKlass java/lang/Boolean 1 1 136 1 7 1 1 7 1 100 1 100 1 100 1 1 1 1 1 1 1 1 1 1 1 5 0 1 1 1 1 1 1 3 1 12 10 12 9 1 1 1 12 10 12 10 1 8 1 7 1 12 10 1 1 1 1 1 12 9 12 9 1 1 1 1 8 1 1 1 1 12 10 1 1 12 10 1 1 100 1 100 1 7 1 1 12 10 1 100 1 1 1 1 12 10 1 1 1 1 1 1 1 1 100 1 12 9 12 9 1 100 1 100 1 1 12 10 1 12 10 1 1 8 1 7 1 1 12 10 12 9 1 1 1 1 1 1
staticfield java/lang/Boolean TRUE Ljava/lang/Boolean; java/lang/Boolean
staticfield java/lang/Boolean FALSE Ljava/lang/Boolean; java/lang/Boolean
staticfield java/lang/Boolean TYPE Ljava/lang/Class; java/lang/Class
instanceKlass java/util/concurrent/locks/AbstractQueuedSynchronizer
ciInstanceKlass java/util/concurrent/locks/AbstractOwnableSynchronizer 1 1 25 1 7 1 7 1 100 1 1 5 0 1 1 1 1 12 10 1 1 12 9 1 1 1 1
instanceKlass java/util/concurrent/atomic/AtomicLong
instanceKlass java/util/concurrent/atomic/AtomicInteger
instanceKlass java/lang/Long
instanceKlass java/lang/Integer
instanceKlass java/lang/Short
instanceKlass java/lang/Byte
instanceKlass java/lang/Double
instanceKlass java/lang/Float
ciInstanceKlass java/lang/Number 1 1 31 1 100 1 7 1 100 1 1 5 0 1 1 12 10 1 1 1 1 1 1 1 1 1 1 12 10 1 1 1 1
instanceKlass java/lang/LiveStackFrameInfo
ciInstanceKlass java/lang/StackFrameInfo 0 0 123 1 100 1 100 1 100 1 100 1 1 1 1 1 1 1 1 1 1 1 1 1 1 12 10 12 9 9 12 9 1 100 1 1 12 11 12 9 1 1 1 1 1 12 11 1 1 12 10 1 100 1 12 10 1 12 10 1 1 12 11 1 1 1 12 11 1 1 12 11 1 1 1 1 12 10 12 9 1 1 1 12 10 1 100 12 10 1 12 10 1 1 12 11 1 12 10 12 9 1 1 12 10 1 100 1 100 1 8 1 12 10 1 1 100 1 1 12 10 1 1 1 1
ciInstanceKlass java/lang/LiveStackFrameInfo 0 0 85 1 100 1 100 1 100 1 100 1 100 1 1 1 100 1 1 1 1 1 3 1 3 1 1 1 1 1 1 12 10 12 9 12 9 12 9 12 9 12 9 1 1 1 1 1 1 1 100 12 10 1 12 10 1 8 1 1 12 10 1 8 1 8 1 8 10 1 1 1 12 10 1 1 12 10 1 1 1 100 1 1 1 1 1
ciInstanceKlass java/lang/Character 1 1 531 1 7 1 1 100 1 100 1 100 1 100 1 1 100 1 100 1 100 1 100 1 1 1 1 1 1 3 1 3 1 1 3 1 3 1 1 1 1 1 1 3 1 1 3 1 3 1 3 1 3 1 3 1 3 1 3 1 3 1 3 1 3 1 3 1 3 1 3 1 3 1 3 1 3 1 3 1 3 1 3 1 3 1 3 1 3 1 3 1 3 1 3 1 3 1 3 1 3 1 1 1 1 1 1 1 1 1 1 1 1 1 1 1 1 1 1 1 3 1 1 1 1 1 1 3 1 3 1 3 1 3 1 1 1 3 1 1 3 1 1 1 5 0 1 1 1 1 1 1 1 1 100 1 1 12 9 1 8 1 1 12 9 1 100 12 9 1 100 1 1 12 10 1 100 1 1 12 10 1 100 1 1 12 10 1 1 1 1 1 1 1 12 10 1 1 1 1 12 9 12 10 1 1 1 1 1 12 10 1 1 12 10 1 1 1 7 1 12 10 1 1 12 10 1 1 1 1 3 1 1 1 3 1 1 1 12 10 12 10 1 1 1 1 3 1 1 1 7 1 1 12 11 1 12 11 12 10 1 1 1 12 10 1 100 10 1 1 12 10 1 3 1 1 1 12 10 12 10 1 1 12 10 1 100 1 8 1 1 12 10 1 12 10 1 12 10 12 10 1 1 1 12 10 1 1 1 12 10 1 12 10 1 7 1 12 10 10 1 12 10 10 1 12 10 1 12 10 1 12 10 10 1 12 10 1 12 10 1 12 10 1 1 1 12 10 1 1 12 10 1 1 12 10 1 12 10 12 10 10 12 10 10 1 12 10 10 1 12 10 10 1 12 10 10 1 1 12 10 10 1 12 10 10 1 12 10 10 1 1 1 12 10 10 1 12 10 10 1 5 0 1 12 10 1 12 10 10 1 12 10 10 1 1 1 1 1 12 10 10 1 12 10 10 1 1 1 12 10 1 12 9 1 100 10 12 10 1 12 10 1 3 1 1 100 1 1 12 10 12 10 1 12 10 1 100 10 12 10 1 1 12 10 1 1 12 10 1 8 1 12 10 1 100 1 1 12 9 1 12 10 10 1 1 1 100 1 12 10 1 12 10 1 12 10 10 1 1 12 10 10 12 10 1 8 1 12 10 1 1 7 1 1 12 10 1 8 1 1 12 10 12 9 1 1 1 1 1 1 1 1
staticfield java/lang/Character TYPE Ljava/lang/Class; java/lang/Class
staticfield java/lang/Character $assertionsDisabled Z 1
ciInstanceKlass java/lang/Float 1 1 199 1 7 1 1 7 1 100 1 100 1 100 1 1 100 1 100 1 1 1 4 1 4 1 4 1 4 1 4 1 4 1 1 3 1 3 1 3 1 3 1 1 1 1 1 1 5 0 1 1 1 100 1 12 10 1 1 100 1 1 12 10 1 1 12 10 1 100 1 12 10 1 8 1 8 1 100 1 1 12 10 1 1 1 100 1 1 12 10 1 1 12 10 1 1 10 1 1 1 1 1 1 1 1 3 1 12 10 12 9 1 1 1 12 10 12 10 1 12 10 1 1 1 1 1 1 1 1 1 1 1 1 1 1 12 10 1 12 10 1 1 1 12 10 3 1 1 1 1 1 1 12 10 1 1 1 12 10 1 12 10 1 1 1 1 100 1 1 12 10 1 1 1 12 10 1 1 100 12 10 1 1 8 1 7 1 1 12 10 12 9 1 1 1 1 1 1 1 1
staticfield java/lang/Float TYPE Ljava/lang/Class; java/lang/Class
ciInstanceKlass java/lang/Double 1 1 253 1 7 1 1 7 1 100 1 100 1 100 1 1 100 1 100 1 1 1 6 0 1 6 0 1 6 0 1 6 0 1 6 0 1 6 0 1 1 3 1 3 1 3 1 3 1 1 1 1 1 1 5 0 1 1 1 100 1 12 10 1 1 1 12 10 12 10 1 100 1 1 12 10 1 100 1 1 12 10 6 0 1 8 1 1 12 10 1 8 1 1 12 10 1 8 1 1 12 10 5 0 5 0 1 8 1 8 1 100 1 100 1 12 10 1 1 12 10 1 8 1 1 12 10 1 8 1 8 1 8 1 1 12 10 1 12 10 1 1 12 10 1 12 10 1 12 10 1 1 1 100 1 1 12 10 1 12 10 1 1 10 1 1 1 1 1 1 3 1 12 10 12 9 1 1 12 10 12 10 1 1 1 1 1 1 1 1 1 1 1 1 1 12 10 1 12 10 5 0 1 1 1 1 1 1 12 10 1 1 12 10 1 12 10 1 1 1 1 100 1 1 12 10 1 1 1 12 10 1 1 100 12 10 1 1 8 1 7 1 1 12 10 12 9 1 1 1 1 1 1 1 1
staticfield java/lang/Double TYPE Ljava/lang/Class; java/lang/Class
ciInstanceKlass java/lang/Byte 1 1 197 1 7 1 1 7 1 100 1 100 1 1 100 1 1 1 3 1 3 1 1 1 1 1 1 3 1 3 1 1 5 0 1 1 1 100 1 12 10 1 1 1 1 100 1 1 12 9 1 8 1 1 12 9 1 100 1 1 12 10 1 1 12 10 1 100 1 1 12 10 1 100 1 1 12 10 1 1 1 1 12 9 1 1 1 100 1 1 12 10 1 100 1 1 12 10 1 8 1 1 12 10 1 8 1 12 10 1 12 10 1 12 10 1 12 10 1 12 10 1 12 10 1 1 12 10 10 1 8 1 8 1 1 1 1 1 10 12 9 1 1 1 1 1 1 1 1 1 1 1 12 10 1 1 12 10 1 1 12 10 1 1 1 1 12 10 1 1 12 10 1 1 5 0 1 12 10 1 1 8 1 7 1 1 12 10 12 9 1 1 1 1 1 1 1 1 1
staticfield java/lang/Byte TYPE Ljava/lang/Class; java/lang/Class
ciMethod java/lang/Byte toUnsignedInt (B)I 0 0 1 0 -1
ciInstanceKlass java/lang/Short 1 1 204 1 7 1 1 100 1 100 1 100 1 1 100 1 1 1 3 1 3 1 1 1 1 1 1 3 1 3 1 1 5 0 1 1 1 100 1 12 10 1 1 1 100 1 1 12 10 1 100 1 1 12 10 1 8 1 1 12 10 1 8 1 12 10 1 12 10 1 12 10 1 12 10 1 1 1 12 10 1 12 10 1 1 1 1 100 1 1 12 9 1 8 1 1 12 9 1 100 1 1 12 10 1 12 10 1 100 1 1 12 10 1 100 1 1 12 10 1 1 1 12 9 1 12 10 1 1 12 10 10 1 8 1 8 1 1 1 1 3 10 12 9 1 1 1 1 1 1 1 1 1 1 1 12 10 1 1 12 10 1 1 12 10 1 1 1 1 12 10 1 1 12 10 1 1 3 3 1 1 5 0 1 12 10 1 1 8 1 7 1 1 12 10 12 9 1 1 1 1 1 1 1 1 1
staticfield java/lang/Short TYPE Ljava/lang/Class; java/lang/Class
ciInstanceKlass java/lang/Integer 1 1 390 1 7 1 1 7 1 100 1 100 1 100 1 1 7 1 1 100 1 100 1 1 1 3 1 3 1 1 1 1 1 1 1 1 1 1 1 1 3 1 3 1 1 5 0 1 1 1 12 10 1 7 1 1 12 9 100 12 9 1 100 1 1 12 10 1 12 10 1 100 1 1 12 10 10 1 1 1 12 10 1 100 1 12 10 1 1 12 10 1 1 1 1 12 10 1 7 1 1 12 10 1 1 12 10 1 1 12 10 1 12 10 1 1 12 10 1 1 12 10 10 1 12 10 12 9 12 9 1 1 1 100 1 8 1 12 10 1 100 1 12 10 1 8 1 1 12 10 1 12 10 1 8 1 12 10 1 8 1 1 12 10 3 1 1 12 10 1 1 12 10 1 7 1 1 12 10 1 1 7 1 1 12 10 1 7 11 1 100 10 11 1 1 12 10 1 8 1 12 10 1 1 8 1 100 1 1 12 10 1 1 12 10 5 0 1 8 12 10 1 12 10 12 10 1 1 1 12 10 1 1 12 9 1 1 12 9 1 12 10 1 1 1 1 3 10 12 9 1 1 1 1 1 1 1 1 1 1 1 1 12 10 1 1 12 10 1 1 12 10 1 100 1 100 1 7 1 1 12 10 1 100 1 12 10 1 1 12 10 1 8 1 8 1 1 12 10 1 8 1 8 1 8 1 8 1 8 1 8 1 12 10 12 10 1 1 1 12 10 1 5 0 1 1 1 1 3 1 1 3 3 3 1 1 1 1 12 10 1 3 1 1 12 10 1 1 1 1 100 1 1 12 10 1 1 1 12 10 1 1 100 12 10 1 1 8 1 7 1 1 12 10 12 9 3 3 3 3 3 12 9 1 1 1 1 1 1 1 1 1
staticfield java/lang/Integer TYPE Ljava/lang/Class; java/lang/Class
staticfield java/lang/Integer digits [C 36
staticfield java/lang/Integer DigitTens [B 100
staticfield java/lang/Integer DigitOnes [B 100
staticfield java/lang/Integer sizeTable [I 10
ciInstanceKlass java/lang/Long 1 1 440 1 7 1 1 100 1 100 1 100 1 100 1 1 100 1 1 100 1 100 1 1 1 5 0 1 5 0 1 1 1 1 1 1 3 1 3 1 5 0 1 1 1 12 10 1 100 1 1 12 9 1 100 1 100 1 1 12 9 1 100 1 1 12 10 1 12 10 1 100 1 1 12 10 10 1 12 10 1 12 10 1 12 10 1 12 10 5 0 5 0 1 100 1 1 12 10 1 1 12 10 1 12 10 1 12 10 1 12 10 1 1 12 10 1 100 1 12 10 1 12 10 1 1 12 10 1 1 12 10 1 1 12 10 1 1 12 10 1 100 1 1 12 10 1 1 12 10 1 12 10 1 12 10 1 1 1 12 10 1 1 12 10 10 12 10 5 0 5 0 1 12 9 1 12 9 5 0 1 1 1 100 1 8 1 12 10 1 8 1 12 10 1 8 1 8 1 1 12 10 5 0 1 1 12 10 1 1 12 10 1 100 1 1 12 10 1 1 100 1 1 12 10 1 100 11 1 100 10 11 1 1 12 10 1 8 1 12 10 1 1 8 1 100 1 1 12 10 12 10 1 8 1 8 1 1 12 11 1 12 10 12 10 1 1 12 10 1 1 5 0 5 0 1 1 12 9 1 12 10 1 1 1 12 10 1 8 1 8 1 1 12 10 1 8 1 8 1 8 1 8 1 8 1 8 1 12 10 12 10 1 1 12 10 1 1 1 1 3 10 12 9 1 1 1 1 1 1 1 1 1 1 12 10 1 1 1 1 12 10 1 1 100 1 100 1 100 1 1 12 10 1 100 12 10 1 1 1 1 12 10 1 1 1 5 0 1 1 1 1 1 12 10 1 12 10 1 5 0 5 0 5 0 1 1 1 1 1 12 10 1 5 0 5 0 1 12 10 1 12 10 1 1 1 1 100 1 1 12 10 1 1 1 12 10 1 1 100 12 10 1 1 8 1 7 1 1 12 10 12 9 1 1 1 1 1 1 1 1 1
staticfield java/lang/Long TYPE Ljava/lang/Class; java/lang/Class
instanceKlass java/lang/ref/PhantomReference
instanceKlass java/lang/ref/FinalReference
instanceKlass java/lang/ref/WeakReference
instanceKlass java/lang/ref/SoftReference
ciInstanceKlass java/lang/ref/Reference 1 1 179 1 7 1 1 7 1 7 1 7 1 1 1 1 1 1 1 1 1 1 1 1 1 1 1 1 1 1 1 1 1 1 1 12 9 1 7 1 12 9 1 1 12 10 1 12 10 12 9 12 10 12 9 1 100 12 9 1 100 1 12 10 1 12 10 12 10 1 1 100 12 10 1 12 10 1 1 1 1 12 9 1 1 1 1 12 10 1 12 10 1 1 12 10 1 12 9 1 100 1 100 1 12 10 12 9 1 1 1 1 1 1 12 9 1 1 100 10 1 1 1 12 10 1 10 1 1 1 1 7 1 12 10 1 7 1 1 12 10 1 1 12 10 1 7 1 12 10 1 8 1 12 10 1 1 12 10 1 1 12 10 1 12 10 10 1 7 1 1 12 10 1 1 1 1 1 1 1 1
staticfield java/lang/ref/Reference processPendingLock Ljava/lang/Object; java/lang/Object
staticfield java/lang/ref/Reference $assertionsDisabled Z 1
instanceKlass sun/util/locale/provider/LocaleResources$ResourceReference
instanceKlass sun/util/resources/Bundles$BundleReference
instanceKlass sun/util/locale/LocaleObjectCache$CacheEntry
instanceKlass org/eclipse/sisu/inject/MildKeys$Soft
instanceKlass java/lang/invoke/LambdaFormEditor$Transform
ciInstanceKlass java/lang/ref/SoftReference 1 1 32 1 7 1 1 7 1 1 1 1 1 1 12 10 12 9 12 9 1 1 12 10 1 1 1 12 10 1 100 1 1 1
instanceKlass java/util/logging/LogManager$LoggerWeakRef
instanceKlass java/util/logging/Level$KnownLevel
instanceKlass org/eclipse/sisu/inject/MildKeys$Weak
instanceKlass java/lang/invoke/MethodType$ConcurrentWeakInternSet$WeakEntry
instanceKlass java/lang/ThreadLocal$ThreadLocalMap$Entry
instanceKlass java/util/WeakHashMap$Entry
ciInstanceKlass java/lang/ref/WeakReference 1 1 17 1 100 1 1 7 1 1 1 12 10 1 1 12 10 1 1
instanceKlass java/lang/ref/Finalizer
ciInstanceKlass java/lang/ref/FinalReference 1 1 33 1 100 1 1 100 1 1 1 12 10 1 1 1 1 12 10 1 1 1 12 10 1 1 1 100 1 8 1 12 10 1 1
ciInstanceKlass java/lang/ref/Finalizer 1 1 137 1 7 1 1 100 1 7 1 100 1 100 1 1 1 1 1 1 1 1 1 1 1 1 1 1 12 9 1 12 10 12 9 12 9 12 9 12 9 1 7 1 100 1 1 1 1 12 10 1 1 1 1 12 10 12 9 1 100 1 12 10 1 100 1 100 1 12 11 1 12 10 1 1 12 10 1 100 1 1 12 10 1 1 100 1 1 12 10 10 12 10 1 1 7 1 1 12 10 1 7 10 10 1 7 1 1 12 10 1 1 12 10 1 7 1 12 10 1 12 10 1 1 12 10 1 1 12 10 1 12 10 1 1 1 1 1
staticfield java/lang/ref/Finalizer lock Ljava/lang/Object; java/lang/Object
staticfield java/lang/ref/Finalizer $assertionsDisabled Z 1
instanceKlass jdk/internal/ref/PhantomCleanable
instanceKlass jdk/internal/ref/Cleaner
ciInstanceKlass java/lang/ref/PhantomReference 1 1 24 1 100 1 1 7 1 1 1 1 1 1 1 12 10 1 1 1 1 12 10 1 1 1
instanceKlass java/lang/reflect/Executable
instanceKlass java/lang/reflect/Field
ciInstanceKlass java/lang/reflect/AccessibleObject 1 1 356 1 7 1 7 1 7 1 100 1 1 7 1 7 1 1 1 1 1 1 1 1 1 1 1 1 7 1 1 12 10 1 100 1 1 12 9 1 100 1 12 10 1 1 1 12 10 1 7 1 1 12 10 1 100 1 1 12 10 1 7 1 1 12 10 1 1 12 10 1 12 9 1 1 1 100 1 1 12 10 1 12 11 1 100 1 12 10 1 1 1 1 1 7 1 100 1 12 10 1 1 12 10 1 100 1 12 10 1 1 12 10 1 100 1 1 12 10 1 100 1 100 10 10 1 7 1 1 12 10 1 1 12 10 1 12 10 1 12 10 1 1 12 10 1 12 10 1 8 1 100 10 1 1 12 10 1 8 1 12 10 1 12 10 1 8 1 8 1 8 1 8 1 8 1 8 1 100 1 12 10 1 12 10 1 1 12 9 1 1 12 10 1 1 12 10 1 10 1 1 1 1 1 11 1 100 1 100 1 8 10 1 12 10 1 1 12 10 1 8 1 12 10 1 8 1 1 12 10 1 10 1 1 1 1 100 1 8 10 1 1 12 11 1 1 1 1 1 1 12 10 1 12 10 1 12 10 1 12 9 1 12 10 1 1 7 1 12 10 1 1 1 1 100 1 1 12 10 10 1 12 10 12 10 1 12 10 1 1 12 10 1 12 10 1 1 12 10 1 12 10 12 9 1 100 1 12 10 1 8 1 100 1 1 12 10 1 8 1 1 12 10 12 9 1 1 1 100 10 1 1 7 10 1 7 1 1 12 10 10 1 7 1 1 12 10 12 9 1 1 1 1 1 1 1 1
staticfield java/lang/reflect/AccessibleObject reflectionFactory Ljdk/internal/reflect/ReflectionFactory; jdk/internal/reflect/ReflectionFactory
instanceKlass java/lang/reflect/Constructor
instanceKlass java/lang/reflect/Method
ciInstanceKlass java/lang/reflect/Executable 1 1 484 1 7 1 7 1 100 1 100 1 100 1 100 1 100 1 100 1 1 100 1 100 1 1 1 1 1 1 1 1 1 1 12 10 1 1 1 1 1 1 1 1 1 1 1 1 7 1 1 12 10 1 1 12 10 1 7 1 1 12 11 1 7 1 12 10 1 1 1 1 12 10 1 100 1 1 12 10 1 100 1 1 12 10 1 12 10 1 8 1 1 1 1 100 10 12 10 1 1 12 10 1 100 1 1 12 10 1 16 1 100 1 1 12 11 15 1 16 1 100 1 1 12 10 15 1 1 12 18 1 100 1 1 12 11 1 8 1 8 1 8 1 100 1 1 12 10 1 1 12 11 1 100 1 8 1 8 12 10 1 100 1 8 1 12 10 1 8 1 1 1 1 100 1 1 12 11 1 100 1 1 12 10 1 12 11 1 100 1 8 1 16 18 1 8 1 12 10 1 1 1 1 12 10 12 10 15 16 18 1 8 1 100 1 12 10 1 100 1 12 10 1 12 10 1 12 10 1 8 1 8 1 1 12 10 1 1 12 10 10 1 12 10 1 1 1 1 1 1 1 1 1 100 10 12 10 12 10 1 100 12 10 12 10 1 12 10 1 1 12 10 100 1 100 1 12 10 1 12 10 1 12 10 1 1 12 10 1 12 10 1 8 1 12 10 1 12 10 1 1 3 1 100 1 8 1 12 10 1 12 10 10 1 12 10 1 1 12 10 1 8 1 8 1 8 1 100 12 9 1 12 10 1 8 12 9 12 10 12 10 1 1 12 10 1 12 10 12 10 1 1 12 10 1 1 1 1 1 1 100 12 10 1 1 12 10 1 100 1 100 1 1 12 10 1 100 1 1 1 1 1 7 1 12 10 1 12 10 1 7 1 12 11 1 7 1 12 10 1 1 1 1 100 1 1 12 10 1 1 1 1 12 10 1 12 9 1 1 12 10 12 10 1 1 12 10 1 100 1 1 1 1 1 1 12 9 1 100 1 1 12 10 1 1 12 10 1 1 12 10 1 12 9 1 10 10 10 1 100 1 1 12 10 1 1 12 10 1 12 9 1 1 12 10 1 1 12 9 1 1 1 1 1 1
ciInstanceKlass java/lang/reflect/Constructor 1 1 399 1 7 1 1 7 1 100 1 100 1 1 1 1 1 1 1 1 1 1 1 1 1 1 1 1 1 1 1 1 1 1 1 1 1 1 100 1 1 12 10 1 100 1 12 10 1 1 12 9 1 1 12 10 12 10 1 100 1 12 10 1 1 1 12 9 1 1 1 1 12 10 12 9 12 9 12 9 12 9 12 9 12 9 12 9 12 9 1 1 100 1 8 1 12 10 12 10 12 9 1 1 1 1 7 1 12 10 1 7 1 1 12 10 1 1 12 10 1 1 12 10 1 1 12 10 1 7 1 100 1 8 10 1 1 1 1 1 1 1 12 10 12 10 1 1 1 1 1 12 10 12 10 1 100 1 1 12 9 1 1 1 1 1 100 1 1 12 10 1 1 1 12 10 1 1 12 10 1 1 1 1 12 10 1 1 100 12 10 1 1 100 1 12 10 1 1 12 10 1 1 1 12 10 1 100 1 1 12 10 1 1 8 10 1 12 10 1 100 1 8 1 12 10 12 10 1 1 12 10 1 12 10 12 10 1 1 1 12 10 1 12 10 1 1 1 1 100 1 100 1 100 1 1 1 12 9 1 100 1 1 12 10 1 1 1 12 10 12 10 1 8 1 1 12 10 1 7 12 11 1 12 10 1 12 10 1 12 10 1 1 12 9 1 7 1 1 12 10 1 1 12 10 1 1 1 1 1 1 12 10 1 1 12 10 1 1 1 1 12 10 1 1 1 1 12 10 1 100 1 12 9 1 12 10 1 12 10 1 12 10 1 100 1 8 10 1 1 1 1 12 10 1 1 12 10 10 1 1 12 10 1 12 10 1 100 1 1 12 10 1 100 1 1 12 11 1 1 12 10 1 1 12 9 1 100 1 1 12 10 1 12 10 1 1 1 1 1 1
ciInstanceKlass java/lang/reflect/Method 1 1 418 1 7 1 7 1 1 1 1 1 1 1 1 1 1 1 1 1 1 1 1 1 1 1 1 1 1 1 1 1 1 1 12 9 1 1 1 100 1 1 12 10 1 100 1 12 10 1 1 12 9 12 10 12 10 1 100 1 12 10 1 1 1 1 12 10 12 9 12 9 12 9 12 9 12 9 12 9 12 9 12 9 12 9 12 9 1 1 12 9 1 100 1 8 1 12 10 12 10 12 9 1 1 8 1 1 1 1 7 1 12 10 1 7 1 1 12 10 1 1 12 10 1 1 12 10 1 1 12 10 1 1 1 1 1 1 1 1 1 1 1 1 1 12 10 12 10 1 100 1 1 12 9 1 1 1 12 10 12 10 1 1 1 1 1 100 1 1 12 10 1 1 1 12 10 1 1 12 10 1 1 12 10 12 10 1 100 12 10 1 1 12 10 1 1 100 10 1 100 12 10 1 1 7 1 12 10 1 12 10 1 1 12 10 1 1 1 12 10 1 100 1 1 12 10 1 12 10 1 10 1 8 1 12 10 12 10 1 100 1 8 1 8 1 8 1 12 10 12 10 1 1 12 10 10 1 1 1 12 10 1 12 10 1 100 11 1 1 1 100 1 100 1 1 1 1 12 9 1 1 12 10 1 100 1 12 10 1 1 12 10 1 1 12 10 1 7 12 11 1 12 10 1 12 10 1 12 10 1 12 10 1 12 10 1 1 12 9 1 7 1 1 12 10 1 1 12 10 1 1 100 1 1 12 10 1 100 1 1 12 10 1 100 1 1 12 10 1 100 1 1 12 11 1 100 1 1 12 10 1 100 1 100 1 100 1 12 10 1 1 12 10 1 12 10 1 100 1 8 1 12 10 10 1 1 1 12 10 1 1 12 10 1 1 1 1 12 10 1 1 1 1 12 10 1 1 1 1 8 1 1 12 10 1 1 1 1 1
ciInstanceKlass java/lang/reflect/Field 0 0 398 1 100 1 100 1 100 1 100 1 100 1 1 1 1 1 1 1 1 1 1 1 1 1 1 1 1 1 1 1 1 1 1 1 1 1 1 1 12 9 1 1 1 1 12 10 1 100 1 1 12 10 1 100 1 12 10 1 1 12 9 12 10 12 10 1 100 1 12 10 1 1 1 1 12 10 12 9 12 9 12 9 12 9 12 9 12 9 12 9 1 1 12 9 1 100 1 8 1 12 10 12 10 12 9 12 9 1 1 1 1 12 10 1 100 1 12 10 1 1 12 10 1 1 12 10 1 1 12 10 1 1 1 1 1 1 12 10 1 1 100 1 12 10 1 1 1 12 10 12 10 12 10 1 1 12 10 1 1 100 10 1 100 12 10 1 1 100 10 1 8 1 12 10 1 1 12 10 1 8 12 10 1 12 10 1 8 1 1 8 1 10 1 100 11 1 1 1 100 1 1 12 9 1 1 12 10 1 1 12 10 1 100 12 11 1 12 11 1 1 12 11 1 1 12 11 1 1 12 11 1 1 12 11 1 1 12 11 1 1 12 11 1 1 12 11 1 1 12 11 1 1 12 11 1 1 12 11 1 1 12 11 1 1 12 11 1 1 12 11 1 1 12 11 1 1 12 11 1 1 12 11 1 1 12 10 1 100 1 12 10 1 12 10 1 1 12 10 12 10 1 1 12 9 1 100 1 1 12 10 1 1 12 10 1 1 1 1 1 1 100 1 12 10 1 12 10 1 100 11 1 12 10 1 100 1 1 1 1 100 1 1 12 10 1 1 1 100 1 1 12 10 1 12 9 1 100 1 1 12 10 1 100 1 1 12 11 1 1 12 10 1 100 1 1 1 1 12 10 1 1 12 9 1 100 1 1 12 10 1 12 10 1 1 1 1 1 1
ciInstanceKlass java/lang/reflect/Parameter 0 0 207 1 100 1 100 1 100 1 1 1 1 1 1 1 1 1 1 1 1 1 1 1 1 1 1 12 10 12 9 12 9 12 9 12 9 1 1 12 10 1 1 12 10 1 1 1 100 1 12 10 1 1 1 100 10 1 1 12 10 1 100 1 12 11 1 12 10 1 100 1 12 10 1 1 12 10 1 12 10 1 100 1 12 10 1 8 1 8 1 1 12 10 1 12 10 12 10 1 1 1 12 10 1 8 1 12 10 1 12 9 1 1 12 10 1 1 1 12 9 1 1 12 10 1 100 1 1 1 1 12 10 1 1 1 12 10 1 12 10 10 1 12 10 1 1 1 1 100 1 1 12 10 1 12 10 1 100 1 12 11 1 12 10 1 100 1 1 1 1 100 1 1 12 10 1 1 1 1 12 10 1 12 10 1 12 10 1 12 10 1 12 9 1 100 10 1 100 1 12 11 1 1 12 11 1 1 1
ciInstanceKlass java/lang/StringBuffer 1 1 417 1 7 1 1 7 1 100 1 100 1 100 1 100 1 100 1 1 100 1 100 1 1 1 1 1 5 0 1 1 1 1 1 1 12 10 1 12 10 1 12 10 1 1 1 12 10 1 1 1 1 12 9 1 12 10 1 12 10 1 12 10 1 12 9 12 10 1 1 12 10 1 1 12 10 1 12 10 1 1 12 10 1 12 10 1 1 12 10 1 1 12 10 1 1 1 100 1 1 12 10 1 12 10 1 1 1 12 10 1 1 12 10 1 1 12 10 1 1 12 10 1 1 12 10 1 1 12 10 1 1 12 10 1 1 12 10 1 1 12 10 1 12 10 1 1 12 10 1 1 12 10 1 1 12 10 1 1 1 12 10 1 12 10 1 1 1 12 10 1 1 1 12 10 1 1 10 1 1 1 12 10 1 1 12 10 1 1 1 12 10 1 1 12 10 1 1 12 10 1 1 12 10 1 1 12 10 12 10 1 1 12 10 1 1 12 10 1 1 12 10 1 1 12 10 1 12 10 1 12 10 10 1 1 1 12 10 1 1 1 1 12 10 1 1 12 9 1 7 1 1 12 10 1 100 10 10 1 1 1 100 1 1 12 10 10 1 12 10 1 7 10 8 1 1 12 10 8 1 12 10 1 8 1 12 10 1 12 10 1 1 1 100 1 1 12 10 1 1 12 10 12 10 1 100 1 8 10 1 1 12 10 1 1 12 10 1 1 12 10 1 12 10 12 10 12 10 12 10 12 10 12 10 12 10 12 10 12 10 12 10 12 10 12 10 1 12 10 12 10 12 10 12 10 12 10 12 10 12 10 12 10 12 10 12 10 12 10 12 10 12 10 12 10 12 10 12 10 12 10 12 10 12 10 1 12 10 1 1 1 1 12 10 1 1 7 1 12 10 1 7 1 1 12 9 1 7 9 12 9 1 1 1 1 1 1 1
staticfield java/lang/StringBuffer serialPersistentFields [Ljava/io/ObjectStreamField; 3 [Ljava/io/ObjectStreamField;
instanceKlass java/lang/StringBuilder
instanceKlass java/lang/StringBuffer
ciInstanceKlass java/lang/AbstractStringBuilder 1 1 485 1 7 1 7 1 100 1 7 1 100 1 7 1 1 100 1 7 1 1 100 1 100 1 100 1 1 100 1 100 1 1 1 1 1 1 1 1 1 3 1 1 12 10 12 9 12 9 1 1 7 1 1 12 9 12 9 1 1 12 10 1 1 1 12 10 3 3 1 12 10 100 1 1 12 10 1 11 1 100 1 100 10 1 8 1 12 10 1 12 10 1 1 12 10 12 10 1 12 10 1 12 10 1 1 12 9 1 1 12 10 1 12 10 10 1 12 10 1 12 10 1 1 1 12 10 1 1 12 10 1 7 1 1 12 10 1 7 1 1 12 10 1 100 1 8 10 1 1 12 10 1 1 1 100 12 10 1 1 12 10 10 1 1 1 1 12 10 1 12 10 1 1 1 12 10 1 1 1 12 10 1 1 1 100 10 1 12 10 1 1 100 1 12 10 1 1 1 1 12 10 1 12 10 1 12 10 10 1 1 1 1 12 10 12 10 1 12 10 1 1 1 12 10 1 1 12 10 1 1 12 10 1 1 12 10 10 1 1 12 10 1 12 10 1 1 12 10 1 8 1 1 12 10 1 12 10 1 1 12 10 1 1 1 12 10 1 1 1 7 1 12 10 1 12 10 1 12 10 1 1 100 1 12 10 1 12 10 1 12 10 1 1 100 1 1 12 10 1 1 12 10 1 1 1 12 10 1 1 12 10 12 10 1 1 12 10 12 10 1 1 1 1 1 1 12 10 1 1 1 1 12 10 10 1 7 1 1 12 10 1 1 1 12 10 1 12 10 1 1 12 10 1 1 1 12 10 1 12 10 1 12 10 1 1 12 10 1 12 10 1 1 12 10 1 1 12 10 1 1 12 10 1 1 1 12 10 1 12 10 1 12 10 12 10 1 1 12 10 1 1 1 16 1 1 12 10 15 16 1 100 1 1 12 10 15 1 1 12 18 1 100 1 1 12 10 1 1 12 10 15 18 1 1 1 1 1 12 10 1 12 10 1 1 12 10 12 11 1 12 10 1 12 10 1 100 10 12 10 10 1 8 1 8 1 8 10 10 1 1 100 1 1 1 12 10 10 10 1 1 1 1 1 1 1
staticfield java/lang/AbstractStringBuilder EMPTYVALUE [B 0
ciInstanceKlass java/lang/SecurityManager 0 0 521 1 100 1 100 1 1 1 1 3 1 100 1 100 1 100 1 100 1 1 100 1 1 100 1 100 1 1 1 1 1 1 1 1 1 1 1 1 1 1 1 1 1 1 12 10 12 9 1 100 1 1 12 10 1 100 1 8 1 12 10 1 1 12 10 1 100 1 1 1 1 1 1 100 1 1 12 10 10 1 1 100 10 1 100 10 1 1 100 1 1 12 9 1 1 1 100 1 1 12 10 1 12 10 1 100 1 12 10 1 1 1 100 1 8 10 12 9 1 12 9 1 1 8 1 12 9 1 1 1 100 10 1 8 1 1 12 10 1 12 10 1 1 12 10 1 1 100 10 1 1 12 10 1 100 1 8 1 12 10 1 8 1 1 8 1 8 1 1 1 8 1 8 1 8 1 12 10 1 1 8 1 8 1 1 8 1 1 1 8 1 8 1 100 1 1 12 10 1 1 12 10 1 8 1 100 1 8 10 1 8 1 8 1 1 1 8 1 8 1 1 8 1 1 1 100 1 12 10 1 8 1 1 1 1 100 1 8 1 8 10 1 1 1 8 1 1 1 12 10 1 100 1 8 10 1 1 12 10 100 1 12 10 1 12 10 1 12 10 1 1 1 100 1 1 12 10 1 12 10 1 100 1 12 10 1 100 1 1 12 11 1 16 1 100 1 1 12 10 15 1 16 1 100 1 1 12 10 15 1 1 12 18 1 100 1 1 12 11 1 16 1 1 12 10 15 1 16 1 1 12 18 1 1 12 11 1 12 10 15 16 18 1 100 11 15 1 16 18 1 12 11 1 16 1 12 10 15 16 1 12 18 1 1 12 11 1 12 9 12 9 12 9 12 9 1 1 100 1 12 10 1 12 10 1 12 10 1 1 12 10 15 16 1 12 18 1 12 10 15 1 16 18 1 100 1 12 10 1 12 11 15 1 12 18 1 12 10 1 1 12 10 15 16 18 10 15 1 16 18 1 1 8 1 12 10 12 9 1 100 1 12 11 1 8 1 12 10 1 1 12 10 12 10 12 9 1 12 10 1 1 12 10 1 1 8 10 12 9 1 8 1 12 10 1 1 8 1 1 100 10 1 12 10 10 1 100 1 1 12 9 1 1 12 11 1 12 10 1 12 11 1 12 10 1 100 10 1 1 12 10 12 10 1 1 1 1 1 1 1 1
instanceKlass java/util/NoSuchElementException
instanceKlass com/google/inject/CreationException
instanceKlass com/google/inject/ConfigurationException
instanceKlass com/google/inject/ProvisionException
instanceKlass java/lang/TypeNotPresentException
instanceKlass java/lang/IndexOutOfBoundsException
instanceKlass java/lang/UnsupportedOperationException
instanceKlass java/lang/SecurityException
instanceKlass java/lang/IllegalStateException
instanceKlass java/lang/IllegalArgumentException
instanceKlass java/lang/ArithmeticException
instanceKlass java/lang/NullPointerException
instanceKlass java/lang/IllegalMonitorStateException
instanceKlass java/lang/ArrayStoreException
instanceKlass java/lang/ClassCastException
ciInstanceKlass java/lang/RuntimeException 1 1 27 1 100 1 7 1 1 5 0 1 1 12 10 1 12 10 1 12 10 1 12 10 1 12 10 1 1
instanceKlass java/nio/charset/UnsupportedCharsetException
instanceKlass java/lang/NumberFormatException
ciInstanceKlass java/lang/IllegalArgumentException 1 1 24 1 100 1 100 1 1 5 0 1 1 12 10 1 12 10 1 12 10 1 12 10 1 1
ciInstanceKlass java/lang/ArithmeticException 1 1 18 1 100 1 100 1 1 5 0 1 1 12 10 1 12 10 1 1
ciInstanceKlass java/lang/NullPointerException 1 1 44 1 7 1 7 1 1 5 0 1 1 1 1 1 1 12 10 1 12 10 1 1 12 9 1 1 12 10 12 9 12 10 1 12 10 1 100 1 100 1 100 1 1 1
instanceKlass java/util/EnumMap
instanceKlass java/util/TreeMap
instanceKlass java/util/IdentityHashMap
instanceKlass java/util/WeakHashMap
instanceKlass java/util/Collections$EmptyMap
instanceKlass sun/util/PreHashedMap
instanceKlass java/util/HashMap
instanceKlass java/util/ImmutableCollections$AbstractImmutableMap
instanceKlass java/util/concurrent/ConcurrentHashMap
ciInstanceKlass java/util/AbstractMap 1 1 151 1 7 1 1 7 1 7 1 100 1 100 1 100 1 100 1 7 1 100 1 7 1 1 1 1 1 1 1 1 1 1 1 12 10 1 1 1 1 12 10 1 7 12 11 1 1 10 1 1 1 1 12 11 1 7 1 12 11 1 1 12 11 1 12 11 1 12 10 1 1 12 11 1 1 1 1 1 1 1 100 10 1 12 11 1 1 1 11 12 10 1 12 11 1 12 9 1 12 10 1 1 12 9 10 1 100 1 1 100 1 100 11 12 11 12 11 1 12 11 1 1 1 8 1 100 10 1 1 12 10 1 8 1 12 10 12 10 1 1 100 12 10 1 1 1 1 1 1 1 1
ciMethod java/lang/IllegalArgumentException <init> (Ljava/lang/String;)V 0 0 1 0 -1
ciMethod java/lang/RuntimeException <init> (Ljava/lang/String;)V 0 0 1 0 -1
ciInstanceKlass java/security/AccessControlContext 1 1 318 1 7 1 7 1 1 1 1 3 1 100 1 1 1 1 1 1 1 1 1 1 1 1 1 1 1 1 1 1 1 1 12 9 12 9 1 100 1 1 12 10 1 8 1 100 1 1 12 10 1 1 1 12 10 12 9 12 9 12 9 7 1 1 12 10 1 100 1 12 10 1 100 1 1 12 11 1 12 11 1 12 11 1 1 12 11 1 7 1 1 12 11 1 1 12 10 1 100 1 1 12 10 1 100 1 1 12 9 1 100 1 1 12 10 1 100 1 100 1 1 12 11 10 1 7 1 100 1 8 1 12 10 1 1 12 10 1 7 1 7 1 1 12 10 12 9 12 9 12 9 12 9 12 9 12 9 1 12 9 1 1 1 1 1 1 7 1 1 12 10 1 1 12 9 1 12 10 1 100 12 10 1 8 1 1 12 10 1 1 12 10 1 100 1 1 12 10 1 100 10 1 1 12 10 1 100 1 1 12 10 10 1 8 1 100 1 12 10 1 8 1 100 1 12 10 1 8 1 8 1 12 10 1 8 1 12 10 1 8 1 12 10 1 12 10 1 1 12 10 1 8 1 8 1 12 10 1 1 12 10 1 12 10 1 8 1 12 10 1 12 10 10 1 1 8 1 1 12 10 1 1 12 10 1 1 12 10 1 1 12 10 1 12 10 1 12 10 1 12 10 1 1 12 10 10 10 1 12 10 1 1 1 1 1 1 1 1
ciInstanceKlass java/net/URL 1 1 672 1 7 1 7 1 100 1 7 1 7 1 100 1 100 1 100 1 100 1 1 100 1 100 1 1 1 1 1 8 1 1 5 0 1 1 8 1 1 1 1 1 1 1 1 1 1 1 1 1 1 1 1 1 1 1 1 1 1 1 1 1 1 1 1 1 1 1 1 1 100 1 12 10 1 12 10 1 12 10 12 9 12 9 1 7 1 1 12 10 1 1 12 10 1 7 1 7 1 1 12 10 12 9 1 1 12 10 1 8 1 1 12 10 1 100 10 1 1 12 10 1 8 1 1 12 10 12 9 1 8 1 12 10 1 12 10 1 8 12 9 1 1 12 10 12 9 1 12 10 1 12 10 12 9 12 9 1 8 12 9 1 1 12 10 1 8 12 9 1 1 12 10 1 7 1 1 12 10 1 8 1 12 10 1 7 1 12 10 1 12 10 1 12 10 1 100 1 1 12 10 1 1 12 10 1 8 1 1 12 10 1 12 10 1 8 12 9 1 8 1 12 10 1 1 12 10 1 12 10 1 1 12 10 1 1 1 7 1 1 12 10 1 100 1 8 10 1 12 10 1 8 1 1 12 10 1 12 10 1 12 10 1 12 10 1 12 10 1 12 10 1 8 1 12 10 10 1 7 1 1 12 10 1 12 10 1 100 1 1 12 9 1 100 1 1 12 10 1 1 12 9 1 100 1 1 1 100 1 100 1 12 10 1 100 1 1 12 10 1 1 1 1 1 12 10 1 1 1 1 12 10 1 12 10 1 1 12 10 1 12 10 12 10 1 1 1 100 10 10 1 12 10 1 12 10 1 1 1 100 1 12 10 1 1 8 1 1 12 9 1 100 1 1 12 10 1 1 12 10 1 1 12 9 1 1 12 10 1 100 1 12 10 1 12 10 10 1 1 12 10 1 12 10 12 10 1 12 10 1 1 12 10 1 7 1 12 10 1 1 12 10 1 1 12 10 1 1 12 9 12 9 1 100 1 8 10 1 12 10 12 9 1 7 1 12 10 1 7 1 1 100 1 7 1 12 10 1 8 1 1 12 10 1 100 1 12 10 1 8 1 8 1 7 1 1 12 10 1 100 1 1 12 10 1 12 10 1 12 10 1 1 1 10 1 12 9 1 7 1 12 10 1 8 1 12 10 10 1 100 1 1 12 10 8 1 100 1 1 12 9 1 12 10 1 1 12 10 1 12 10 12 10 1 7 1 12 10 1 12 11 12 10 12 10 12 9 1 1 12 10 1 1 1 100 1 12 10 1 1 1 1 12 10 8 1 12 10 10 8 8 1 12 10 8 8 8 1 100 1 12 10 12 9 1 1 100 12 10 1 1 12 10 1 12 10 12 10 1 1 12 10 1 1 12 10 10 10 12 10 12 10 12 10 1 12 10 1 100 1 12 10 10 1 12 10 1 8 10 10 1 1 12 10 1 12 10 1 1 12 10 1 10 10 10 1 7 1 12 10 1 7 1 1 12 9 12 9 10 1 7 1 1 12 10 1 1 1 1 1 1 1
staticfield java/net/URL defaultFactory Ljava/net/URLStreamHandlerFactory; java/net/URL$DefaultFactory
staticfield java/net/URL streamHandlerLock Ljava/lang/Object; java/lang/Object
staticfield java/net/URL serialPersistentFields [Ljava/io/ObjectStreamField; 7 [Ljava/io/ObjectStreamField;
ciInstanceKlass java/util/jar/Manifest 1 1 290 1 7 1 7 1 100 1 7 1 100 1 7 1 1 1 1 1 1 1 1 1 1 1 12 10 1 7 10 12 9 1 7 10 12 9 12 9 1 1 100 1 12 10 1 1 12 10 1 1 1 12 10 1 1 12 10 1 1 12 10 11 1 1 1 1 1 12 11 1 12 10 1 100 1 1 12 10 1 100 1 100 10 1 8 1 1 12 10 1 1 12 10 1 12 10 1 12 10 11 1 1 1 100 12 10 1 1 12 10 1 1 12 11 1 12 10 1 1 12 11 1 100 1 1 12 11 1 100 1 12 11 1 1 12 11 1 12 10 1 8 1 12 11 1 100 1 1 12 10 1 12 11 12 10 1 12 10 1 1 1 1 1 1 100 1 1 12 10 1 8 1 1 12 10 10 1 100 1 1 12 9 1 1 12 10 1 100 12 10 1 100 1 12 10 1 12 10 1 1 1 100 1 1 12 9 1 8 1 12 10 1 8 1 8 12 10 1 12 10 1 100 1 1 12 10 1 8 12 10 1 8 10 1 1 12 10 1 8 1 1 12 10 1 100 1 1 12 10 1 12 10 10 1 1 12 11 1 12 10 1 100 1 1 12 10 1 1 12 10 1 1 12 10 11 1 12 10 11 1 12 10 1 1 1 1 1 1 1 1
ciInstanceKlass java/util/Objects 1 1 119 1 100 1 7 1 1 12 10 1 100 1 8 1 12 10 1 1 1 12 10 1 1 7 1 12 10 1 1 1 12 10 1 1 12 10 1 1 1 100 1 12 10 1 1 12 10 1 1 1 1 100 1 12 11 1 1 1 1 1 100 10 1 1 1 12 10 1 1 1 1 1 1 8 12 10 1 1 1 1 8 1 100 1 1 12 11 1 8 1 1 1 1 7 1 12 10 1 1 1 12 10 1 12 10 1 1 12 10 1 1 12 10 12 10 1 1 1 1
instanceKlass com/google/common/collect/ImmutableCollection
instanceKlass java/util/IdentityHashMap$Values
instanceKlass java/util/HashMap$Values
instanceKlass java/util/AbstractQueue
instanceKlass java/util/LinkedHashMap$LinkedValues
instanceKlass java/util/ArrayDeque
instanceKlass java/util/AbstractSet
instanceKlass java/util/ImmutableCollections$AbstractImmutableCollection
instanceKlass java/util/AbstractList
ciInstanceKlass java/util/AbstractCollection 1 1 130 1 7 1 1 7 1 7 1 1 12 10 1 1 1 1 1 1 1 12 10 1 1 12 10 1 7 1 12 11 1 1 12 11 1 12 10 1 1 1 7 1 100 1 1 12 10 1 1 12 10 1 1 1 1 12 10 1 7 1 12 10 1 7 1 1 12 10 1 100 1 1 12 10 1 1 100 1 1 12 10 1 1 1 100 10 1 12 11 1 1 1 11 12 10 1 1 12 10 1 1 100 1 1 12 10 11 1 1 1 1 1 8 1 100 10 1 1 12 10 1 8 1 12 10 12 10 1 1 1
instanceKlass java/util/AbstractSequentialList
instanceKlass java/util/Vector
instanceKlass java/util/Arrays$ArrayList
instanceKlass java/util/Collections$EmptyList
instanceKlass java/util/ArrayList
ciInstanceKlass java/util/AbstractList 1 1 187 1 7 1 1 7 1 100 1 100 1 100 1 100 1 100 1 7 1 100 1 1 1 1 1 1 1 1 1 12 10 12 9 1 1 1 1 1 12 10 1 12 10 1 1 1 1 1 1 1 100 10 1 1 1 1 1 1 12 10 1 100 1 1 12 11 1 1 12 11 1 12 11 1 100 1 12 10 1 1 12 10 1 12 11 1 12 11 1 12 11 1 1 1 12 10 1 1 1 1 1 12 10 1 100 1 1 12 11 1 100 11 11 1 1 12 10 1 1 1 12 10 1 1 1 1 1 12 10 1 100 1 12 10 10 1 100 1 100 10 1 8 1 1 12 10 1 12 10 1 1 12 10 1 12 10 1 8 1 100 1 8 1 8 1 8 10 11 1 10 12 10 12 11 1 1 12 10 1 8 1 8 1 1 1 1 1
ciMethod java/util/Objects requireNonNull (Ljava/lang/Object;Ljava/lang/String;)Ljava/lang/Object; 512 0 7541 0 -1
ciInstanceKlass java/lang/AssertionStatusDirectives 0 0 18 1 100 1 100 1 1 1 1 1 1 1 1 1 1 12 10 1
ciInstanceKlass java/lang/invoke/MethodHandleNatives$CallSiteContext 1 1 40 1 7 1 7 1 100 1 100 1 1 100 1 7 1 1 1 12 10 1 1 10 1 7 1 1 12 10 1 1 12 10 1 1 1 12 10 1 1 1
ciInstanceKlass jdk/internal/invoke/NativeEntryPoint 0 0 80 1 100 1 100 1 1 1 1 1 1 1 1 1 1 1 1 1 1 12 10 12 9 1 100 1 1 12 10 100 12 9 12 9 12 9 12 9 12 9 1 1 1 100 1 8 1 12 10 1 100 1 1 12 11 1 1 12 10 12 10 1 100 1 12 11 1 12 11 1 1 12 10 1 1 1 12 10 1 1
instanceKlass java/lang/invoke/VolatileCallSite
instanceKlass java/lang/invoke/MutableCallSite
instanceKlass java/lang/invoke/ConstantCallSite
ciInstanceKlass java/lang/invoke/CallSite 1 1 267 1 7 1 7 1 7 1 100 1 1 100 1 100 1 1 1 1 1 1 1 1 1 1 1 1 1 1 1 12 10 1 1 12 10 12 9 1 1 12 10 12 9 1 1 7 1 1 12 10 1 1 100 12 10 1 100 1 1 12 10 1 12 10 1 100 1 1 12 9 1 100 1 12 10 1 1 1 1 1 1 12 10 1 7 1 100 1 100 10 1 100 1 1 12 10 1 1 12 10 1 8 1 12 10 1 1 12 10 1 12 10 1 1 1 12 10 1 1 12 10 10 1 12 10 1 1 12 10 1 100 12 9 1 1 12 9 8 1 1 12 10 1 1 12 10 1 1 12 10 1 12 9 1 8 1 100 1 12 10 1 12 10 1 100 1 8 10 1 12 10 1 1 12 10 1 100 1 1 12 10 12 10 1 12 10 1 1 12 10 1 1 12 10 1 1 12 9 8 1 1 12 10 12 9 1 100 10 12 10 1 1 12 10 1 12 10 1 1 12 10 1 1 12 10 1 1 1 1 100 1 7 1 1 12 10 1 100 1 8 10 1 7 12 10 1 1 12 10 1 100 1 8 1 12 10 1 1 1 12 10 1 1 1 1 1 1
staticfield java/lang/invoke/CallSite $assertionsDisabled Z 1
ciInstanceKlass java/lang/invoke/VolatileCallSite 0 0 26 1 100 1 100 1 1 12 10 1 12 10 1 1 1 12 10 1 1 12 10 1 1 12 10 1
ciInstanceKlass java/lang/invoke/MethodType 1 1 688 1 7 1 1 7 1 100 1 100 1 100 1 7 1 7 1 100 1 1 1 1 100 1 1 100 1 1 100 1 100 1 1 1 5 0 1 1 1 1 1 1 1 1 1 1 1 1 1 1 1 1 1 3 1 3 1 3 1 1 1 1 1 1 1 1 1 1 1 1 1 1 1 12 10 12 9 12 9 1 12 9 1 1 1 1 1 1 1 1 1 7 1 7 1 1 12 10 1 7 1 12 9 1 8 1 100 1 1 12 10 1 7 1 7 9 1 7 9 1 1 12 10 1 100 10 1 8 1 1 12 10 1 12 10 1 1 12 10 1 1 1 100 1 8 1 12 10 1 100 10 1 12 10 1 1 1 1 1 12 10 1 1 1 1 12 10 1 1 7 1 1 12 11 12 9 1 1 12 11 1 1 1 7 1 1 12 10 1 1 1 1 1 1 1 12 10 12 9 1 12 10 12 10 1 7 1 1 12 10 1 7 1 1 12 10 1 12 10 1 1 12 9 1 1 12 10 1 100 1 12 10 1 1 1 1 1 12 10 1 1 12 10 1 1 1 1 1 12 10 12 10 1 12 10 1 1 1 1 12 10 12 10 1 1 1 1 12 10 1 1 1 1 8 1 8 1 1 12 10 1 1 1 12 9 1 100 10 1 1 12 10 12 10 1 12 10 1 12 10 1 12 10 12 10 1 1 12 10 1 8 1 1 1 12 10 1 100 1 1 12 10 12 10 1 1 12 10 1 12 10 1 12 10 1 1 1 12 10 1 1 12 10 1 12 10 1 12 9 1 12 10 10 1 1 1 12 10 1 12 10 12 9 1 1 12 10 1 1 1 1 1 1 12 10 1 1 12 10 1 1 1 1 1 12 10 12 10 1 12 10 1 12 10 1 100 1 8 1 8 1 8 1 12 10 1 12 10 1 12 10 10 1 1 1 1 1 12 11 12 11 1 1 1 100 1 1 12 10 1 12 9 1 12 10 1 1 12 10 1 1 12 10 1 12 10 1 1 12 10 1 1 100 1 1 12 10 1 1 12 10 1 12 10 1 12 10 1 12 10 10 1 12 9 1 7 1 12 10 1 1 1 100 1 100 1 1 12 10 1 100 1 1 12 9 1 100 1 1 12 10 1 100 1 1 12 10 1 100 1 12 10 1 1 12 10 1 1 12 10 1 8 1 7 1 1 12 10 1 1 12 11 1 12 9 1 1 12 10 1 12 10 1 1 1 1 12 10 1 1 1 1 100 12 10 1 100 1 12 10 1 100 12 10 1 100 1 1 12 11 16 1 1 12 10 15 16 1 100 1 1 12 10 15 1 1 12 18 1 1 12 11 16 1 1 12 10 15 16 1 12 18 1 12 11 1 100 1 100 1 12 11 1 12 10 1 12 10 1 1 1 100 1 100 1 12 10 1 12 10 1 1 1 100 1 1 12 9 1 12 9 1 100 1 1 12 10 1 12 9 1 100 1 12 10 12 10 1 100 1 1 1 12 10 1 1 1 1 1 1 12 10 10 1 7 1 7 12 9 1 1 1 1 1 1 1 1 1
staticfield java/lang/invoke/MethodType internTable Ljava/lang/invoke/MethodType$ConcurrentWeakInternSet; java/lang/invoke/MethodType$ConcurrentWeakInternSet
staticfield java/lang/invoke/MethodType NO_PTYPES [Ljava/lang/Class; 0 [Ljava/lang/Class;
staticfield java/lang/invoke/MethodType objectOnlyTypes [Ljava/lang/invoke/MethodType; 20 [Ljava/lang/invoke/MethodType;
staticfield java/lang/invoke/MethodType METHOD_HANDLE_ARRAY [Ljava/lang/Class; 1 [Ljava/lang/Class;
staticfield java/lang/invoke/MethodType serialPersistentFields [Ljava/io/ObjectStreamField; 0 [Ljava/io/ObjectStreamField;
staticfield java/lang/invoke/MethodType $assertionsDisabled Z 1
ciInstanceKlass java/lang/BootstrapMethodError 0 0 35 1 100 1 100 1 1 5 0 1 1 12 10 1 12 10 1 12 10 1 1 100 1 1 12 10 1 100 1 1 12 10 1 1 1
ciInstanceKlass jdk/internal/loader/ClassLoaders$AppClassLoader 1 1 91 1 100 1 7 1 100 1 1 1 1 8 1 12 10 1 1 1 1 100 1 7 1 1 12 10 1 100 1 1 12 10 1 1 12 10 1 100 1 1 12 10 12 10 1 1 12 10 1 7 1 8 12 10 1 7 1 1 12 10 1 1 12 10 1 1 12 10 1 1 1 1 12 10 1 1 7 1 1 12 10 1 100 12 10 1 1 1 1 1 1
ciInstanceKlass jdk/internal/loader/ClassLoaders$PlatformClassLoader 1 1 34 1 100 1 7 1 100 1 1 100 1 1 1 1 8 1 12 10 1 1 1 7 1 1 12 10 1 100 12 10 1 1 1 1
ciInstanceKlass java/lang/ArrayStoreException 1 1 18 1 100 1 100 1 1 5 0 1 1 12 10 1 12 10 1 1
ciInstanceKlass java/lang/ClassCastException 1 1 18 1 100 1 100 1 1 5 0 1 1 12 10 1 12 10 1 1
ciInstanceKlass java/lang/NoClassDefFoundError 0 0 18 1 100 1 100 1 1 5 0 1 1 12 10 1 12 10 1 1
ciInstanceKlass java/lang/ClassNotFoundException 1 1 80 1 7 1 7 1 100 1 100 1 1 100 1 100 1 1 1 5 0 1 1 1 1 1 7 1 12 10 1 1 12 10 1 1 1 12 10 1 1 1 100 1 1 12 10 1 8 1 1 12 10 1 12 10 1 1 1 1 12 10 1 1 12 10 1 12 10 1 1 7 1 12 10 12 9 1 1 1 1 1
staticfield java/lang/ClassNotFoundException serialPersistentFields [Ljava/io/ObjectStreamField; 1 [Ljava/io/ObjectStreamField;
ciInstanceKlass java/lang/IllegalMonitorStateException 1 1 18 1 100 1 100 1 1 5 0 1 1 12 10 1 12 10 1 1
ciInstanceKlass java/lang/StackOverflowError 1 1 18 1 100 1 100 1 1 5 0 1 1 12 10 1 12 10 1 1
instanceKlass java/lang/StackOverflowError
instanceKlass java/lang/OutOfMemoryError
instanceKlass java/lang/InternalError
ciInstanceKlass java/lang/VirtualMachineError 1 1 24 1 100 1 100 1 1 5 0 1 1 12 10 1 12 10 1 12 10 1 12 10 1 1
ciInstanceKlass java/lang/OutOfMemoryError 1 1 18 1 100 1 100 1 1 5 0 1 1 12 10 1 12 10 1 1
ciInstanceKlass java/lang/InternalError 0 0 24 1 100 1 100 1 1 5 0 1 1 12 10 1 12 10 1 12 10 1 12 10 1 1
ciInstanceKlass java/lang/StackTraceElement 0 0 198 1 100 1 100 1 100 1 100 1 1 1 1 1 1 1 1 1 1 1 1 1 1 1 1 3 1 3 1 1 5 0 1 1 1 12 10 1 12 10 12 9 12 9 12 9 12 9 1 8 1 100 1 1 12 10 1 100 12 9 1 8 12 9 12 9 12 9 1 1 1 1 1 1 1 1 1 1 1 1 1 8 1 12 10 1 12 10 1 100 10 1 1 12 10 1 8 12 10 1 12 10 1 8 1 8 1 8 12 10 1 8 1 8 1 12 10 1 8 1 8 1 1 12 10 1 12 10 1 12 10 1 12 10 1 12 9 1 100 1 1 12 10 1 1 12 10 1 100 1 100 1 100 1 1 12 10 1 100 1 100 1 12 10 1 100 1 1 12 10 1 12 10 1 12 10 1 1 1 100 10 1 1 12 10 12 10 1 1 1 12 10 1 1 1 1 1 1
instanceKlass java/nio/IntBuffer
instanceKlass java/nio/CharBuffer
instanceKlass java/nio/LongBuffer
instanceKlass java/nio/ByteBuffer
ciInstanceKlass java/nio/Buffer 1 1 202 1 7 1 7 1 7 1 100 1 7 1 1 1 1 1 1 1 3 1 1 1 1 1 1 1 1 1 1 1 1 1 12 10 12 9 12 9 12 9 12 9 12 9 1 1 1 12 10 1 100 1 12 10 12 10 1 100 1 100 10 1 8 1 1 12 10 1 12 10 1 8 1 8 1 1 12 10 1 12 10 1 1 1 8 12 9 1 100 1 8 1 12 10 1 8 1 8 1 12 9 1 12 10 1 8 1 100 1 8 1 8 1 12 10 1 8 1 8 1 8 1 1 1 100 10 1 1 1 1 1 1 1 1 1 1 1 1 1 1 1 1 1 1 100 10 1 1 1 100 10 1 1 1 100 10 1 1 1 1 1 1 12 10 1 10 1 12 11 1 1 7 1 12 10 1 7 1 1 12 10 12 9 1 1 12 10 12 9 10 1 7 1 1 12 10 1 1 1 1 1 1
staticfield java/nio/Buffer UNSAFE Ljdk/internal/misc/Unsafe; jdk/internal/misc/Unsafe
staticfield java/nio/Buffer SCOPED_MEMORY_ACCESS Ljdk/internal/misc/ScopedMemoryAccess; jdk/internal/misc/ScopedMemoryAccess
staticfield java/nio/Buffer $assertionsDisabled Z 1
ciInstanceKlass java/lang/StringCoding 1 1 25 1 100 1 100 1 1 12 10 1 1 1 1 1 1 100 1 1 12 10 1 1 1 1 1
ciMethod java/lang/StringCoding hasNegatives ([BII)Z 276 7972 867 0 -1
ciInstanceKlass jdk/internal/misc/UnsafeConstants 1 1 28 1 7 1 100 1 1 1 1 1 1 1 1 1 12 10 1 12 9 12 9 12 9 12 9 12 9 1
staticfield jdk/internal/misc/UnsafeConstants ADDRESS_SIZE0 I 8
staticfield jdk/internal/misc/UnsafeConstants PAGE_SIZE I 4096
staticfield jdk/internal/misc/UnsafeConstants BIG_ENDIAN Z 0
staticfield jdk/internal/misc/UnsafeConstants UNALIGNED_ACCESS Z 1
staticfield jdk/internal/misc/UnsafeConstants DATA_CACHE_LINE_FLUSH_SIZE I 0
instanceKlass java/lang/invoke/DelegatingMethodHandle
instanceKlass java/lang/invoke/BoundMethodHandle
instanceKlass java/lang/invoke/DirectMethodHandle
ciInstanceKlass java/lang/invoke/MethodHandle 1 1 579 1 7 1 7 1 100 1 100 1 100 1 100 1 100 1 1 100 1 100 1 1 7 1 7 1 1 1 1 1 1 1 1 1 1 1 1 1 1 1 1 1 12 9 1 1 1 12 10 1 7 1 1 12 10 1 7 1 7 1 1 12 10 12 9 1 12 10 1 1 1 100 1 1 1 1 1 1 1 1 1 1 1 1 12 10 1 1 12 10 1 100 1 1 12 10 1 1 12 10 1 12 10 1 1 1 100 1 1 12 11 12 10 1 12 10 1 12 10 12 9 1 1 12 10 1 100 1 100 10 1 8 1 1 12 10 1 12 10 1 8 1 1 12 10 1 12 10 1 1 12 10 1 1 1 12 10 1 1 12 10 1 12 10 1 1 1 12 10 1 1 12 10 1 7 1 1 12 10 1 100 1 1 12 10 1 7 1 1 12 10 1 1 12 10 1 1 1 12 10 1 8 1 7 1 1 12 10 1 8 1 1 12 10 1 1 12 10 1 1 12 10 1 12 10 1 8 1 1 12 10 1 1 8 1 12 10 1 8 1 100 1 1 12 10 12 9 1 100 10 1 100 1 1 12 9 1 100 9 1 8 1 1 1 1 12 10 1 12 10 1 1 12 10 1 12 10 1 1 12 10 1 12 10 1 12 10 1 12 10 1 1 12 10 1 1 12 10 1 1 8 1 1 12 10 1 8 1 12 10 1 1 1 12 10 1 1 1 1 1 12 10 1 12 10 1 1 12 10 1 1 1 1 100 1 1 12 9 1 1 12 10 1 100 1 12 11 1 12 10 12 10 1 100 1 1 12 10 1 100 1 12 11 10 1 100 1 12 11 1 12 10 1 100 1 12 11 1 1 12 9 1 1 12 11 1 100 1 1 12 11 1 1 12 10 1 12 9 1 12 11 1 12 9 1 12 9 1 12 9 1 1 12 11 1 12 9 1 12 9 1 12 9 1 12 9 1 12 9 1 12 9 1 12 9 1 8 1 12 10 1 12 10 1 8 1 12 10 1 12 10 10 1 1 1 100 1 100 1 7 1 12 10 12 10 1 8 1 1 12 10 1 1 1 1 12 10 1 12 10 1 12 10 1 100 1 1 12 10 1 12 10 1 1 1 1 1 1 1 1 12 9 1 1 1 1 1 12 10 12 10 1 1 1 1 8 1 1 12 9 12 9 1 1 12 9 1 12 10 1 12 10 1 1 12 10 1 1 1 12 9 12 9 1 7 1 1 12 10 1 100 1 12 11 12 9 1 1 12 10 12 9 1 1 12 10 8 1 1 12 10 8 1 1 1 1 1 1 1
staticfield java/lang/invoke/MethodHandle FORM_OFFSET J 20
staticfield java/lang/invoke/MethodHandle UPDATE_OFFSET J 13
staticfield java/lang/invoke/MethodHandle $assertionsDisabled Z 1
ciInstanceKlass java/lang/invoke/LambdaForm 1 1 940 1 7 1 7 1 100 1 7 1 100 1 7 1 7 1 7 1 7 1 100 1 100 1 1 1 1 1 1 100 1 7 1 1 7 1 7 1 1 7 1 7 1 1 1 1 1 1 1 1 1 1 1 1 1 1 1 1 1 1 1 1 1 3 1 3 1 1 1 1 1 3 1 1 1 1 1 1 1 1 1 1 1 1 1 1 1 1 1 1 1 1 1 12 9 1 12 10 1 1 1 12 10 12 9 12 9 1 1 12 10 1 100 10 7 1 100 12 9 1 1 12 10 12 9 1 1 12 10 12 9 12 9 12 9 12 9 1 1 12 10 1 12 10 1 1 1 1 1 1 100 1 1 12 10 1 100 1 1 12 10 1 1 7 1 12 10 1 1 12 10 1 100 1 1 12 9 1 1 12 10 1 12 9 1 1 12 10 1 12 10 1 1 12 10 1 1 12 10 1 100 1 1 12 10 1 7 10 1 1 12 10 1 8 1 12 10 1 12 10 1 1 12 10 1 1 12 10 1 1 12 10 1 12 10 1 1 12 10 1 1 12 9 1 12 9 1 12 9 1 1 12 10 12 9 1 100 1 1 12 10 1 100 1 1 1 12 10 1 12 10 1 1 12 9 1 100 1 1 12 10 1 12 10 1 12 10 1 12 10 1 12 10 1 12 10 1 1 12 10 1 12 10 12 10 1 8 1 12 10 1 12 10 1 8 1 8 1 1 12 9 12 9 12 9 1 1 1 1 12 10 1 12 10 1 12 9 1 1 12 10 1 7 1 1 12 10 1 1 12 10 1 12 10 1 12 10 1 1 12 10 100 1 12 9 1 12 10 1 8 1 8 1 8 1 8 1 8 1 8 1 8 1 8 1 1 1 1 12 10 1 1 1 12 9 1 1 1 1 7 1 100 12 10 1 12 9 12 10 1 1 12 10 12 10 1 12 10 1 1 12 10 1 1 1 1 12 10 10 1 1 12 10 1 1 12 10 1 1 8 1 1 12 10 1 12 10 1 1 12 10 10 1 1 1 1 8 12 10 1 1 8 1 1 8 1 1 8 1 1 12 10 12 9 12 10 1 1 12 10 1 100 1 1 12 10 12 10 1 1 12 10 1 1 12 10 1 1 12 9 1 8 1 100 1 1 12 10 1 100 1 100 1 12 10 12 10 10 1 1 12 10 12 9 8 1 1 12 10 12 10 1 12 10 1 7 1 12 9 1 1 12 9 1 8 1 100 1 12 10 1 1 12 10 10 1 1 12 10 1 1 12 10 1 8 1 8 1 8 12 10 1 12 10 1 12 10 1 1 12 10 1 1 8 1 8 1 1 12 9 1 12 10 1 1 12 10 1 8 1 8 1 8 1 100 1 8 1 100 1 8 1 100 1 8 1 12 10 1 8 1 9 1 7 1 1 12 10 1 12 10 1 1 12 9 1 12 10 10 1 12 10 1 12 10 1 12 10 1 1 1 1 1 12 10 1 12 10 1 1 12 10 1 1 12 10 1 1 12 10 1 8 1 12 10 1 12 10 1 1 12 9 1 12 10 1 8 1 8 1 8 1 8 1 8 1 8 1 8 1 8 1 8 1 8 1 12 10 12 10 1 12 10 12 10 1 8 1 8 1 8 1 12 10 1 8 1 12 10 1 8 1 8 1 8 1 8 1 8 1 12 10 1 12 10 1 1 12 10 1 1 1 7 1 1 12 10 1 1 12 10 1 1 100 1 12 10 1 12 10 1 1 1 12 10 1 1 12 10 12 10 1 1 1 12 10 12 9 1 8 12 10 1 1 12 9 1 1 12 10 1 12 9 1 12 9 12 9 1 100 1 7 1 1 12 9 1 7 1 7 1 1 12 10 12 9 1 12 10 1 12 10 1 8 1 12 10 12 9 1 1 12 10 1 8 1 100 1 12 10 1 12 9 1 12 9 12 10 1 12 10 1 7 1 1 12 10 1 12 10 1 12 9 1 1 12 10 1 12 10 1 12 10 12 9 1 12 10 10 1 1 1 1 1 1 1 1 1 1 1 1 1 1 1 1 1 1 1 12 10 9 1 12 9 7 1 1 12 9 100 1 1 12 10 1 12 9 1 12 10 10 9 1 1 1 1 1 1 1 1
staticfield java/lang/invoke/LambdaForm COMPILE_THRESHOLD I 0
staticfield java/lang/invoke/LambdaForm INTERNED_ARGUMENTS [[Ljava/lang/invoke/LambdaForm$Name; 5 [[Ljava/lang/invoke/LambdaForm$Name;
staticfield java/lang/invoke/LambdaForm IMPL_NAMES Ljava/lang/invoke/MemberName$Factory; java/lang/invoke/MemberName$Factory
staticfield java/lang/invoke/LambdaForm LF_identity [Ljava/lang/invoke/LambdaForm; 6 [Ljava/lang/invoke/LambdaForm;
staticfield java/lang/invoke/LambdaForm LF_zero [Ljava/lang/invoke/LambdaForm; 6 [Ljava/lang/invoke/LambdaForm;
staticfield java/lang/invoke/LambdaForm NF_identity [Ljava/lang/invoke/LambdaForm$NamedFunction; 6 [Ljava/lang/invoke/LambdaForm$NamedFunction;
staticfield java/lang/invoke/LambdaForm NF_zero [Ljava/lang/invoke/LambdaForm$NamedFunction; 6 [Ljava/lang/invoke/LambdaForm$NamedFunction;
staticfield java/lang/invoke/LambdaForm createFormsLock Ljava/lang/Object; java/lang/Object
staticfield java/lang/invoke/LambdaForm DEBUG_NAME_COUNTERS Ljava/util/HashMap; null
staticfield java/lang/invoke/LambdaForm DEBUG_NAMES Ljava/util/HashMap; null
staticfield java/lang/invoke/LambdaForm TRACE_INTERPRETER Z 0
staticfield java/lang/invoke/LambdaForm $assertionsDisabled Z 1
ciInstanceKlass java/lang/invoke/MethodHandleNatives 1 1 606 1 7 1 7 1 100 1 100 1 1 100 1 100 1 1 100 1 1 100 1 1 100 1 7 1 1 7 1 100 1 1 1 1 1 1 1 1 12 10 1 1 1 1 1 1 1 1 100 1 100 1 1 1 1 1 1 1 1 1 1 1 1 1 1 1 1 1 1 1 1 1 1 12 9 12 10 1 100 10 1 1 12 10 12 10 1 1 1 1 12 10 1 1 1 1 8 1 8 1 8 1 8 1 8 1 8 1 8 1 8 1 8 1 8 1 7 1 1 1 1 1 100 1 100 1 100 12 10 1 7 1 1 12 10 1 100 1 1 12 10 1 100 10 1 1 12 10 1 8 1 12 10 1 8 1 1 12 10 1 8 1 1 12 10 1 100 1 1 12 9 1 8 1 100 1 1 12 10 1 100 12 10 1 100 1 8 1 1 1 7 10 1 12 10 1 7 1 7 1 12 9 1 1 12 10 1 12 10 1 1 7 1 1 12 10 1 7 1 1 12 10 1 7 1 1 12 10 1 12 10 1 100 1 1 12 10 1 1 12 10 1 12 9 1 8 1 12 10 1 8 1 12 10 1 8 1 8 1 8 1 12 10 1 8 1 1 1 1 12 10 1 12 10 1 1 100 1 1 12 10 1 8 1 100 1 1 12 10 1 7 1 8 1 12 10 1 8 1 8 1 8 1 8 1 8 1 1 1 1 1 1 1 1 12 10 1 1 1 1 12 10 1 12 10 1 100 1 1 12 10 1 1 12 10 1 12 10 1 12 10 1 12 10 1 8 1 8 10 1 1 1 12 10 1 1 12 10 1 8 1 100 1 1 12 10 1 8 1 8 1 100 1 1 12 10 1 1 12 10 1 1 12 10 1 1 12 9 1 1 12 10 10 1 12 10 1 12 9 1 1 12 10 1 12 9 1 12 9 1 1 12 10 1 12 10 1 100 1 1 12 10 1 100 1 1 12 10 1 12 10 1 1 12 10 1 1 12 10 1 12 10 1 8 1 12 10 1 12 10 1 1 12 10 1 12 10 1 1 100 1 1 12 10 1 1 12 10 1 100 1 8 10 1 1 1 1 1 12 9 1 1 12 10 1 12 10 1 1 12 10 1 1 12 10 1 100 1 100 10 10 1 100 1 100 10 1 100 10 1 1 12 10 1 1 100 10 1 12 10 1 12 10 1 1 12 10 1 1 12 10 1 1 1 12 10 12 10 1 12 10 10 1 8 1 100 1 12 10 1 1 12 10 1 12 10 1 12 10 1 1 12 10 1 12 10 1 1 1 1 1 12 9 1 7 1 1 12 10 12 9 1 7 12 11 1 1 12 10 12 10 10 12 10 1 7 1 1 12 10 1 1 1 1 1 1
staticfield java/lang/invoke/MethodHandleNatives JLA Ljdk/internal/access/JavaLangAccess; java/lang/System$2
staticfield java/lang/invoke/MethodHandleNatives $assertionsDisabled Z 1
instanceKlass java/lang/invoke/DirectMethodHandle$Interface
instanceKlass java/lang/invoke/DirectMethodHandle$Accessor
instanceKlass java/lang/invoke/DirectMethodHandle$Constructor
ciInstanceKlass java/lang/invoke/DirectMethodHandle 1 1 858 1 7 1 7 1 7 1 7 1 100 1 7 1 7 1 7 1 100 1 100 1 100 1 100 1 7 1 1 7 1 7 1 1 1 1 1 1 1 7 1 7 1 1 7 1 1 7 1 1 1 1 1 1 1 1 1 1 1 3 1 3 1 3 1 3 1 3 1 3 1 3 1 1 3 1 1 3 1 3 1 1 1 1 1 1 1 1 1 1 1 1 1 3 1 3 1 1 1 1 3 1 1 1 1 1 1 1 1 1 12 10 1 1 12 10 1 100 1 12 10 1 7 1 1 12 10 1 7 1 12 10 1 1 12 10 1 12 10 1 12 10 1 7 1 1 12 10 1 1 12 10 1 12 10 1 1 12 10 1 1 12 10 1 12 10 12 9 1 100 10 12 9 12 9 1 1 1 1 12 10 1 12 10 1 1 12 10 1 12 10 1 12 10 1 12 10 1 1 12 10 1 12 10 1 1 12 10 1 8 1 1 12 10 1 12 10 10 1 12 10 12 10 1 12 10 1 1 12 10 1 1 12 10 1 12 10 1 12 10 1 12 10 1 1 12 10 1 1 12 10 12 10 8 1 100 1 1 12 10 1 12 10 1 12 10 1 1 12 10 1 12 10 1 7 1 1 12 9 1 12 10 1 1 1 7 1 1 12 10 1 1 1 12 10 1 1 1 1 12 10 1 1 12 9 1 1 1 100 10 1 8 1 1 12 10 1 12 10 1 12 10 10 1 1 12 10 1 12 10 1 12 10 1 12 10 1 1 12 10 1 12 10 1 1 12 10 1 12 10 1 1 12 10 10 1 7 1 1 12 10 1 12 10 1 7 1 1 12 10 1 12 10 1 1 12 10 1 100 1 8 1 1 12 9 1 8 1 12 9 1 12 9 1 8 1 12 9 1 12 9 1 8 1 12 9 1 12 9 1 8 1 12 10 1 1 12 10 12 9 1 7 1 1 12 10 1 7 1 1 12 10 1 1 12 10 1 12 10 1 1 12 10 1 100 1 1 12 10 1 12 10 1 1 12 10 1 7 1 1 12 10 1 7 1 1 12 10 1 12 10 1 12 10 1 12 10 1 1 12 9 10 12 9 1 12 9 1 7 1 1 12 10 1 1 1 12 10 1 7 1 7 1 7 1 1 12 9 1 7 12 10 1 1 12 10 1 12 10 1 12 10 1 1 12 10 1 1 12 9 1 1 12 10 1 100 1 100 1 1 12 10 1 12 10 1 12 10 1 1 8 1 1 12 9 1 1 100 1 12 9 12 10 1 1 12 9 1 1 100 1 12 10 1 1 1 12 9 1 1 12 9 1 1 12 10 1 12 10 1 12 10 1 1 1 1 1 1 12 10 1 7 1 1 12 10 1 12 10 1 7 1 12 10 12 9 1 12 10 1 12 10 1 12 10 1 12 10 12 10 12 9 1 1 12 10 1 1 1 1 12 9 1 12 9 1 12 9 1 12 9 1 12 9 1 12 9 1 12 9 1 12 9 1 12 9 1 12 9 1 12 9 1 12 9 1 12 9 1 12 9 1 12 9 1 12 9 1 12 9 1 12 9 1 12 9 1 12 9 1 12 9 1 12 9 1 12 9 1 12 9 1 12 9 1 12 9 1 12 9 1 12 9 1 12 9 1 12 9 1 12 9 1 12 9 1 12 9 1 12 9 1 12 9 1 12 9 1 12 9 1 8 1 1 12 9 12 9 1 12 10 12 10 1 7 9 1 12 10 1 1 12 9 12 10 1 12 10 1 12 10 1 12 10 10 1 8 1 8 1 8 1 8 1 1 12 10 12 9 1 12 10 1 100 1 1 12 10 8 12 9 1 1 12 10 8 8 8 12 9 8 8 8 8 8 8 8 1 12 10 1 12 10 8 1 8 1 12 10 1 12 10 1 1 12 10 1 1 12 10 1 1 1 1 1 1 1 1
staticfield java/lang/invoke/DirectMethodHandle IMPL_NAMES Ljava/lang/invoke/MemberName$Factory; java/lang/invoke/MemberName$Factory
staticfield java/lang/invoke/DirectMethodHandle FT_UNCHECKED_REF I 8
staticfield java/lang/invoke/DirectMethodHandle ACCESSOR_FORMS [Ljava/lang/invoke/LambdaForm; 132 [Ljava/lang/invoke/LambdaForm;
staticfield java/lang/invoke/DirectMethodHandle ALL_WRAPPERS [Lsun/invoke/util/Wrapper; 10 [Lsun/invoke/util/Wrapper;
staticfield java/lang/invoke/DirectMethodHandle NFS [Ljava/lang/invoke/LambdaForm$NamedFunction; 12 [Ljava/lang/invoke/LambdaForm$NamedFunction;
staticfield java/lang/invoke/DirectMethodHandle OBJ_OBJ_TYPE Ljava/lang/invoke/MethodType; java/lang/invoke/MethodType
staticfield java/lang/invoke/DirectMethodHandle LONG_OBJ_TYPE Ljava/lang/invoke/MethodType; java/lang/invoke/MethodType
staticfield java/lang/invoke/DirectMethodHandle $assertionsDisabled Z 1
ciInstanceKlass jdk/internal/reflect/CallerSensitive 0 0 15 1 100 1 100 1 100 1 1 1 1 1 1 1 1
ciInstanceKlass jdk/internal/reflect/ConstantPool 1 1 134 1 7 1 100 1 100 1 1 1 1 1 12 10 1 1 12 9 1 1 12 10 1 1 1 1 1 12 10 1 1 12 10 1 1 1 1 12 10 1 1 1 1 12 10 1 1 12 10 1 1 1 1 12 10 1 1 12 10 1 1 1 1 12 10 1 1 12 10 1 1 12 10 1 1 12 10 1 1 1 1 12 10 1 1 1 1 12 10 1 1 1 1 12 10 1 1 1 1 12 10 1 1 12 10 1 1 1 1 12 10 1 1 12 10 1 1 8 1 7 1 1 12 11 1 7 1 1 12 10 1 1 1 1
ciInstanceKlass jdk/internal/reflect/UnsafeStaticFieldAccessorImpl 0 0 39 1 100 1 100 1 1 1 1 12 10 1 1 12 9 1 100 1 1 12 10 12 9 1 1 8 1 100 1 1 12 11 1 100 1 1 12 10 1
instanceKlass jdk/internal/reflect/UnsafeFieldAccessorImpl
ciInstanceKlass jdk/internal/reflect/FieldAccessorImpl 0 0 53 1 100 1 100 1 100 1 1 12 10 1 1 1 100 1 1 1 1 1 1 1 1 1 1 1 1 1 1 1 1 1 1 1 100 1 1 1 1 1 1 1 1 1 1 1 1 1 1 1 1 1 1
instanceKlass jdk/internal/reflect/UnsafeStaticFieldAccessorImpl
ciInstanceKlass jdk/internal/reflect/UnsafeFieldAccessorImpl 0 0 227 1 100 1 100 1 1 1 1 1 1 1 1 1 1 1 12 10 12 9 1 100 1 1 12 10 1 100 1 1 12 10 12 9 1 100 1 1 12 10 12 9 1 12 10 12 10 12 9 1 1 1 1 12 10 1 100 1 12 10 1 100 1 1 12 10 1 12 10 1 1 1 100 10 1 12 10 1 1 12 10 1 8 10 1 12 10 1 1 1 100 1 8 1 12 10 1 8 12 10 1 8 1 12 10 1 1 1 100 1 1 12 10 10 1 8 1 100 12 10 1 1 8 1 100 1 12 10 1 1 8 1 100 1 12 10 1 1 8 1 100 1 12 10 1 1 8 1 100 1 12 10 1 1 8 1 100 1 12 10 1 1 8 1 100 1 12 10 1 1 8 1 100 1 12 10 1 1 8 1 100 1 12 10 1 1 12 10 1 1 1 1 1 1 1 1 8 1 8 1 8 1 8 1 8 1 8 1 1 12 10 1 8 1 8 1 8 12 10 1 1 1 12 10 1 1 1
ciInstanceKlass jdk/internal/reflect/NativeConstructorAccessorImpl 1 1 113 1 7 1 7 1 1 1 1 1 1 1 1 1 1 1 1 1 1 1 1 12 10 12 9 1 1 1 100 1 100 1 100 1 100 12 9 1 7 1 1 12 10 1 100 1 1 12 10 1 100 1 1 12 10 12 9 12 9 12 9 1 7 1 1 12 10 1 100 10 1 1 12 10 1 12 10 1 12 10 1 1 12 10 12 9 1 100 1 1 12 10 1 1 12 10 1 1 1 1 1 1 12 10 8 1 1 12 10 1 1 1 1
staticfield jdk/internal/reflect/NativeConstructorAccessorImpl U Ljdk/internal/misc/Unsafe; jdk/internal/misc/Unsafe
staticfield jdk/internal/reflect/NativeConstructorAccessorImpl GENERATED_OFFSET J 16
ciInstanceKlass java/lang/invoke/ConstantCallSite 1 1 55 1 7 1 7 1 1 1 1 1 1 1 12 10 12 9 12 9 1 7 1 1 12 10 1 1 100 12 10 1 1 1 100 12 10 1 1 12 9 1 1 100 10 1 12 10 1 1 1 12 10 1 1 1 1
staticfield java/lang/invoke/ConstantCallSite UNSAFE Ljdk/internal/misc/Unsafe; jdk/internal/misc/Unsafe
ciInstanceKlass java/lang/invoke/MutableCallSite 0 0 52 1 100 1 100 1 1 1 1 12 10 1 12 10 1 1 1 1 12 9 1 1 12 10 1 1 12 10 1 1 12 9 1 100 1 1 12 10 1 100 1 100 1 1 12 10 1 1 12 10 1 1
instanceKlass java/lang/invoke/VarHandleReferences$FieldInstanceReadOnly
ciInstanceKlass java/lang/invoke/VarHandle 1 1 368 1 7 1 7 1 100 1 100 1 100 1 100 1 100 1 100 1 100 1 100 1 7 1 1 1 1 1 1 100 1 100 1 1 1 1 1 1 1 1 1 1 1 1 1 1 1 1 1 1 12 10 1 12 10 12 9 12 9 1 1 1 100 10 1 1 1 1 1 1 1 1 1 1 1 1 1 1 1 1 1 1 1 1 1 1 1 1 1 1 1 1 1 1 1 1 1 1 1 1 1 1 1 1 1 1 1 1 1 1 1 8 1 1 12 10 1 7 1 12 10 1 1 12 10 1 100 1 1 12 10 1 1 1 12 9 1 1 12 10 1 100 1 1 12 10 1 1 12 10 1 1 12 9 1 12 10 1 1 12 9 1 12 10 1 12 10 1 1 1 1 1 12 9 1 1 12 9 1 12 10 1 1 100 1 100 10 1 8 1 1 12 10 1 12 10 1 8 12 10 1 12 10 1 1 12 10 1 1 12 9 1 12 10 1 1 12 10 1 12 10 1 1 10 1 100 1 1 12 10 1 1 12 10 1 1 12 10 1 1 12 10 1 100 1 1 12 10 1 1 1 1 100 1 12 10 12 9 10 1 1 12 9 1 12 10 1 12 10 1 1 12 10 1 12 10 1 100 1 1 12 10 1 1 12 9 1 1 12 10 12 9 1 12 10 1 12 10 1 100 1 12 10 1 100 10 1 1 7 1 1 12 9 12 9 1 7 1 1 12 10 1 12 10 1 1 12 10 1 1 12 10 1 12 10 1 12 10 1 1 12 10 10 1 7 1 1 12 10 12 9 8 1 1 12 10 1 7 1 1 12 10 1 1 1 1 1 1
staticfield java/lang/invoke/VarHandle AIOOBE_SUPPLIER Ljava/util/function/BiFunction; jdk/internal/util/Preconditions$1
staticfield java/lang/invoke/VarHandle VFORM_OFFSET J 16
staticfield java/lang/invoke/VarHandle $assertionsDisabled Z 1
ciInstanceKlass java/lang/invoke/MemberName 1 1 693 1 7 1 7 1 100 1 100 1 7 1 100 1 7 1 1 100 1 100 1 1 100 1 100 1 1 1 1 1 1 1 1 1 1 1 1 1 1 1 3 1 3 1 3 1 3 1 3 1 3 1 1 8 1 3 1 3 1 3 1 3 1 3 1 3 1 3 1 3 1 3 1 3 1 3 1 3 1 1 1 1 1 12 9 1 1 1 7 12 10 1 1 12 9 1 1 12 10 1 1 1 1 12 10 1 12 10 1 12 10 1 12 10 1 7 1 1 12 10 1 12 10 1 100 1 12 9 1 12 10 1 100 1 100 12 10 1 8 1 1 12 10 1 12 10 1 12 10 1 12 10 12 9 1 8 1 100 1 1 12 10 1 7 10 1 1 12 10 1 100 1 100 1 1 12 10 12 9 1 100 1 8 1 12 10 1 100 1 1 12 10 1 12 10 1 12 10 1 1 12 10 1 12 10 1 12 10 1 1 12 10 1 1 1 1 12 10 1 1 12 10 1 8 1 8 1 8 1 1 1 1 100 1 1 12 10 1 12 10 1 1 12 9 1 1 12 10 1 12 10 1 12 10 10 1 1 12 10 1 12 10 1 12 10 1 12 10 1 12 10 8 1 1 12 10 1 12 10 1 8 1 100 9 8 1 100 9 1 1 12 10 1 1 1 12 10 1 12 10 1 8 1 1 12 10 1 12 10 12 10 1 1 12 10 1 1 12 10 1 100 1 1 12 10 1 12 10 1 8 1 12 10 1 12 10 1 8 1 1 1 12 10 1 1 1 12 10 1 1 1 100 1 1 12 10 12 10 1 8 1 8 1 1 12 10 1 100 1 1 12 10 1 7 12 10 1 12 10 1 12 10 1 12 10 1 12 10 1 10 1 12 10 1 12 10 1 12 10 1 3 12 10 1 1 12 10 1 1 1 1 3 1 1 1 12 10 1 7 1 1 12 10 1 1 1 12 10 1 1 1 12 9 1 1 12 10 1 1 3 1 1 12 10 10 1 7 1 1 12 10 1 12 10 1 100 10 10 12 10 12 10 1 12 10 10 12 10 12 10 12 10 12 10 1 100 10 10 12 10 1 100 10 10 12 10 1 1 1 12 10 10 1 1 12 10 1 1 1 100 10 1 1 12 10 1 100 10 12 10 1 12 10 1 12 10 1 1 1 10 1 12 10 1 1 12 10 1 1 1 12 10 1 12 10 1 12 10 1 100 12 10 1 1 12 10 1 1 100 1 8 10 1 7 1 12 10 12 10 1 1 12 10 1 12 10 1 12 10 1 1 1 1 1 1 8 1 8 1 8 1 8 1 12 10 1 1 1 12 10 1 1 12 10 1 8 1 8 1 12 10 1 8 10 1 12 10 1 12 10 1 8 1 8 10 1 12 10 1 1 1 8 1 1 12 10 1 8 1 12 10 1 1 12 10 1 12 10 1 100 1 8 1 8 1 8 1 8 1 100 10 1 1 8 1 8 1 8 1 8 1 12 10 1 100 1 100 1 100 10 1 100 10 1 100 1 1 12 10 1 1 1 1 12 9 1 1 1 1 1 1 1 1
staticfield java/lang/invoke/MemberName $assertionsDisabled Z 1
ciInstanceKlass java/lang/invoke/ResolvedMethodName 1 1 10 1 100 1 100 1 1 12 10 1
ciInstanceKlass java/lang/StackWalker 0 0 217 1 100 1 100 1 100 1 100 1 100 1 1 1 100 1 100 1 1 100 1 1 1 100 1 100 1 1 1 1 1 1 1 1 1 1 1 1 1 1 1 1 1 12 9 1 1 100 1 1 12 10 1 100 1 1 12 10 1 12 10 1 1 100 1 1 12 11 1 1 12 10 1 1 12 10 1 1 12 10 1 1 1 100 1 8 1 12 10 1 12 10 1 1 12 10 1 1 1 12 10 12 9 12 9 12 9 1 1 12 9 1 1 12 10 12 9 1 1 100 1 1 12 10 1 1 12 11 1 100 1 8 10 1 100 1 12 10 1 12 9 1 1 12 10 1 1 1 1 1 1 12 10 1 12 10 1 1 1 16 1 1 12 10 15 1 16 1 100 1 1 12 10 15 1 1 12 18 1 1 1 1 100 1 8 10 1 1 12 10 1 12 10 1 1 1 1 1 1 12 9 1 100 12 11 1 1 1 12 10 1 1 1 1 1 1 1
ciInstanceKlass java/lang/StackStreamFactory$AbstractStackWalker 1 0 286 1 100 1 1 100 1 100 1 1 100 1 100 1 1 100 1 1 100 1 100 1 1 1 1 1 1 1 1 1 1 1 1 1 1 1 1 3 1 12 10 1 12 10 1 100 1 1 12 10 12 9 1 1 12 10 12 9 12 9 12 9 12 9 1 1 12 9 1 1 12 10 1 1 12 10 1 1 1 1 1 1 1 1 12 9 1 12 10 12 10 1 1 12 9 1 100 1 1 12 9 1 100 10 1 8 1 1 12 10 1 12 10 1 8 1 1 12 10 1 100 1 1 12 10 1 1 1 100 1 8 1 12 10 1 8 12 10 1 1 12 9 1 12 10 12 9 1 8 5 0 1 8 1 8 1 1 1 1 12 9 12 10 1 12 10 12 10 1 100 1 1 12 9 1 1 1 1 12 10 1 12 10 1 12 10 1 12 10 12 10 1 1 12 10 1 8 1 12 10 1 12 10 1 100 1 12 10 1 1 1 1 12 10 1 8 1 100 1 1 12 10 1 1 12 10 1 1 12 10 12 10 12 10 1 100 1 1 12 10 1 12 9 1 8 1 12 10 1 12 10 1 1 12 10 12 10 12 10 1 12 10 1 1 12 10 1 1 12 10 1 1 12 10 1 12 10 1 8 1 1 1 1 1 1 1
ciInstanceKlass jdk/internal/module/Modules 1 1 441 1 7 1 100 1 100 1 100 1 1 100 1 1 100 1 100 1 1 1 1 1 1 1 1 1 1 1 12 10 1 1 12 9 1 7 12 11 1 1 12 11 1 1 12 11 1 1 12 11 1 12 11 1 12 11 1 12 11 1 12 11 1 1 1 12 11 1 1 1 1 100 1 1 12 10 1 100 1 1 12 10 1 16 1 1 12 10 15 16 1 100 1 1 12 10 15 1 1 12 18 1 100 1 1 12 10 1 100 1 100 1 12 10 1 7 1 100 1 100 1 100 1 1 12 10 1 100 1 12 10 1 12 10 1 12 11 1 1 1 12 9 1 100 1 12 11 1 1 1 12 10 10 1 12 10 10 1 1 12 9 1 12 10 1 1 12 10 1 100 1 12 10 1 100 1 100 1 1 12 11 1 100 1 1 12 10 1 100 1 12 11 1 1 12 10 1 100 1 12 10 1 100 1 1 12 10 1 1 12 10 1 1 12 10 1 1 12 11 16 1 1 12 10 15 1 16 1 1 12 18 1 100 1 12 11 1 100 1 1 12 10 1 100 1 1 12 11 1 100 1 100 1 1 12 11 1 100 1 1 12 11 1 12 11 1 1 12 10 1 12 10 1 16 1 12 10 15 1 16 1 1 12 18 1 1 12 11 1 16 1 1 12 10 15 1 16 1 1 12 18 1 1 12 11 1 12 10 10 15 1 16 18 1 1 12 10 15 1 16 18 1 1 12 10 12 9 1 100 1 1 12 11 1 100 10 1 12 11 1 1 12 11 1 1 12 11 10 1 100 1 1 12 10 1 100 1 12 10 1 12 10 12 11 1 12 10 1 100 10 1 1 12 10 15 16 1 12 18 1 1 12 10 1 1 1 100 1 8 1 12 10 1 12 10 1 1 12 10 15 16 1 12 18 11 12 11 1 12 10 10 10 1 1 12 10 15 1 12 18 10 10 1 1 12 10 1 7 1 1 12 10 1 1 12 10 1 1 1 1 1
staticfield jdk/internal/module/Modules JLA Ljdk/internal/access/JavaLangAccess; java/lang/System$2
staticfield jdk/internal/module/Modules JLMA Ljdk/internal/access/JavaLangModuleAccess; java/lang/module/ModuleDescriptor$1
staticfield jdk/internal/module/Modules $assertionsDisabled Z 1
ciInstanceKlass java/util/jar/JavaUtilJarAccessImpl 1 1 76 1 100 1 7 1 100 1 1 12 10 1 1 1 100 1 7 1 1 12 10 1 1 1 12 10 1 1 1 12 10 1 1 1 1 12 10 1 1 1 1 12 10 1 1 1 12 10 1 1 1 1 12 10 1 1 1 7 1 12 10 1 1 12 10 1 12 10 1 1 1 12 10 1 1 1
ciInstanceKlass jdk/internal/access/JavaUtilJarAccess 1 0 34 1 100 1 100 1 1 1 100 1 1 1 1 1 1 1 1 1 1 1 1 1 1 1 1 1 1 1 1 1 1 1 1 1
ciMethod java/util/jar/JavaUtilJarAccessImpl entryFor (Ljava/util/jar/JarFile;Ljava/lang/String;)Ljava/util/jar/JarEntry; 634 0 309 0 0
instanceKlass sun/net/www/protocol/jar/URLJarFile
ciInstanceKlass java/util/jar/JarFile 1 1 695 1 7 1 7 1 7 1 100 1 100 1 7 1 7 1 1 1 100 1 100 1 1 100 1 7 1 1 100 1 100 1 1 100 1 100 1 1 1 1 1 1 1 1 1 1 1 1 1 1 1 1 1 1 1 1 1 1 1 1 1 1 1 1 1 1 1 8 1 1 8 1 1 8 1 1 1 1 1 1 1 1 1 12 9 1 12 9 1 1 1 100 1 100 12 10 1 12 10 1 1 1 1 12 10 1 12 10 12 9 1 7 1 1 12 10 12 9 1 1 12 10 12 9 12 9 1 7 1 1 12 10 1 1 12 10 12 9 1 1 12 10 12 9 12 9 1 1 12 10 1 1 1 12 10 1 100 12 9 1 7 1 1 12 10 1 1 12 10 1 1 12 10 12 9 12 9 1 7 1 1 12 11 1 7 1 1 12 10 1 12 10 12 9 100 1 1 12 9 1 8 1 100 1 12 10 1 100 1 12 10 10 1 12 10 1 1 12 10 1 12 10 1 7 1 12 10 1 1 12 10 1 12 10 1 1 1 1 12 10 1 1 12 10 10 1 1 1 1 12 11 1 1 1 1 12 11 1 1 12 11 16 1 1 12 10 15 16 1 100 1 1 12 10 15 1 1 12 18 1 100 1 1 12 11 1 16 1 12 10 15 1 16 1 1 12 18 1 1 12 11 1 12 11 12 10 15 16 18 1 16 18 12 10 1 1 12 10 1 100 1 7 1 12 10 1 12 10 1 1 12 10 1 1 12 10 1 12 10 1 1 12 11 1 100 1 100 12 10 1 1 12 10 1 12 10 1 8 12 10 1 1 12 10 1 1 12 10 1 1 1 12 11 12 10 1 1 100 1 1 12 11 1 100 1 1 12 11 1 100 1 100 1 12 11 1 12 11 1 100 1 8 10 1 12 9 1 12 10 1 12 10 1 12 9 1 1 12 10 1 1 12 10 1 100 1 8 1 12 10 1 12 10 1 8 1 12 10 1 8 1 7 1 1 12 10 1 7 1 12 9 1 8 1 12 10 1 8 10 1 8 1 8 10 3 1 1 12 10 1 1 12 10 1 100 1 8 1 8 10 12 10 12 10 1 1 12 10 1 12 10 1 1 12 10 12 9 12 9 1 1 1 7 1 12 10 12 9 1 100 12 9 12 9 12 9 12 10 12 9 12 9 12 9 10 1 12 10 1 1 12 10 1 1 12 9 1 1 12 10 1 100 1 12 10 1 1 100 12 10 12 9 1 1 12 9 1 7 1 12 10 1 12 9 10 1 12 10 1 1 1 1 1 12 10 1 12 10 1 100 1 100 1 1 12 10 1 12 10 1 100 1 12 10 1 1 12 10 1 12 10 1 1 1 12 10 1 100 1 12 11 1 1 12 10 1 12 10 10 1 1 1 12 9 1 12 10 12 10 1 100 1 1 12 10 1 1 1 12 10 1 100 10 1 10 1 7 10 1 7 1 1 12 10 1 1 12 10 1 8 1 7 1 12 10 12 10 1 12 10 1 8 1 8 1 12 10 1 12 10 1 8 1 12 10 1 8 1 1 1 1 1 1 1 1
staticfield java/util/jar/JarFile BASE_VERSION Ljava/lang/Runtime$Version; java/lang/Runtime$Version
staticfield java/util/jar/JarFile BASE_VERSION_FEATURE I 8
staticfield java/util/jar/JarFile RUNTIME_VERSION Ljava/lang/Runtime$Version; java/lang/Runtime$Version
staticfield java/util/jar/JarFile MULTI_RELEASE_ENABLED Z 1
staticfield java/util/jar/JarFile MULTI_RELEASE_FORCED Z 0
staticfield java/util/jar/JarFile isInitializing Ljava/lang/ThreadLocal; java/lang/ThreadLocal
staticfield java/util/jar/JarFile JUZFA Ljdk/internal/access/JavaUtilZipFileAccess; java/util/zip/ZipFile$1
staticfield java/util/jar/JarFile CLASSPATH_CHARS [B 12
staticfield java/util/jar/JarFile CLASSPATH_LASTOCC [B 65
staticfield java/util/jar/JarFile CLASSPATH_OPTOSFT [B 12
staticfield java/util/jar/JarFile MULTIRELEASE_CHARS [B 19
staticfield java/util/jar/JarFile MULTIRELEASE_LASTOCC [B 65
staticfield java/util/jar/JarFile MULTIRELEASE_OPTOSFT [B 19
instanceKlass java/util/jar/JarFile
ciInstanceKlass java/util/zip/ZipFile 1 1 537 1 7 1 7 1 100 1 100 1 7 1 100 1 100 1 7 1 7 1 100 1 100 1 7 1 100 1 7 1 1 1 1 1 1 1 1 1 1 100 1 100 1 1 1 1 1 1 1 1 1 1 3 1 3 1 3 1 3 1 1 1 1 1 1 1 1 100 1 7 12 10 1 12 10 1 7 1 1 12 9 1 12 10 1 1 100 1 12 10 1 100 1 100 1 100 10 1 8 1 1 12 10 1 100 1 1 12 10 1 1 12 10 10 1 12 10 1 7 1 1 12 10 1 100 1 12 10 1 12 10 1 7 1 8 1 7 1 1 12 10 12 9 1 1 12 10 1 7 1 1 12 10 1 12 10 12 9 1 7 1 1 12 10 1 1 12 10 1 12 10 1 12 10 1 1 1 1 12 10 1 1 12 9 1 1 12 9 1 1 12 9 1 12 10 1 100 1 1 8 1 1 12 10 1 1 12 10 1 7 1 1 1 8 1 1 12 9 12 9 9 1 1 12 10 12 9 1 7 1 12 9 1 12 10 1 7 1 1 12 10 1 1 12 11 1 1 12 10 5 0 5 0 5 0 5 0 1 12 10 1 100 1 8 10 1 1 1 1 1 12 9 1 12 10 1 1 1 1 1 1 16 1 1 12 10 15 16 1 100 1 1 12 10 15 1 1 12 18 1 12 10 1 100 1 12 10 1 1 12 10 1 1 12 10 1 12 10 1 1 12 10 15 16 18 1 1 1 1 12 10 15 16 18 1 12 10 1 12 10 1 1 12 10 1 1 12 10 1 8 1 1 12 10 1 12 10 100 1 7 1 1 12 9 1 7 1 1 12 11 10 1 12 10 1 12 9 1 12 10 1 1 12 9 1 12 10 1 12 9 1 12 9 1 12 10 1 12 9 1 12 9 1 12 10 1 12 10 3 1 12 9 1 7 1 1 12 10 1 1 12 10 12 9 1 1 1 100 12 9 1 12 10 1 1 12 10 1 100 1 8 10 1 8 1 1 8 1 1 1 1 1 12 9 1 12 9 1 100 10 1 100 11 100 1 12 11 1 1 12 9 1 1 1 1 1 12 9 1 1 8 1 7 1 1 12 10 1 8 1 12 10 1 1 8 1 100 1 12 10 12 9 12 10 12 9 10 1 7 1 1 12 10 1 8 1 7 1 12 10 1 8 1 1 12 10 12 9 1 1 1 1 1 1 1 1 1
staticfield java/util/zip/ZipFile disableStrictUTF8EntityNameEnforcement Z 0
staticfield java/util/zip/ZipFile DISABLE_ZIP64_EXTRA_VALIDATION Z 0
instanceKlass java/util/jar/JarEntry
ciInstanceKlass java/util/zip/ZipEntry 1 1 303 1 7 1 7 1 100 1 100 1 1 1 1 1 1 1 1 1 1 1 1 1 1 1 1 1 1 1 1 1 3 1 3 1 5 0 1 5 0 1 1 1 12 10 5 0 12 9 12 9 12 9 12 9 12 9 12 9 12 9 12 9 8 1 7 1 1 12 10 1 7 1 1 12 10 3 1 100 1 8 12 10 12 9 1 1 8 12 9 12 9 12 9 12 9 12 9 1 1 1 1 1 100 1 1 12 10 1 1 12 10 1 100 1 12 10 1 100 1 1 12 9 1 100 1 1 12 10 1 1 1 12 10 1 12 10 1 1 1 12 10 1 12 10 1 12 10 1 12 10 1 12 10 5 0 1 12 10 3 1 100 1 1 12 10 1 100 1 1 12 10 1 1 12 10 1 12 10 1 1 10 1 1 12 10 5 0 5 0 5 0 5 0 5 0 5 0 1 12 10 1 1 1 8 1 1 12 10 1 1 12 10 1 1 8 1 1 1 8 1 1 1 8 1 1 1 1 1 8 1 1 1 1 8 1 1 1 1 1 12 10 1 8 1 1 12 10 1 1 12 10 5 0 1 1 12 10 1 100 1 1 12 10 1 12 10 1 12 10 100 1 1 1 1 1 1 1 8 1 1 12 10 1 12 10 1 12 10 1 1 1 100 12 10 10 1 100 1 12 10 1 1 1
instanceKlass sun/net/www/protocol/jar/URLJarFile$URLJarFileEntry
instanceKlass java/util/jar/JarFile$JarFileEntry
ciInstanceKlass java/util/jar/JarEntry 1 1 49 1 7 1 7 1 1 1 1 1 1 1 1 12 10 1 12 10 1 10 12 9 12 9 12 9 1 1 1 100 1 1 100 1 1 12 10 1 1 100 10 1 1 1 12 10 1 1 1
ciInstanceKlass java/util/jar/JarFile$JarFileEntry 1 1 114 1 7 1 7 1 7 1 1 1 1 1 1 1 12 9 1 12 10 12 9 1 1 12 10 1 1 1 100 1 1 12 10 1 1 12 10 1 100 1 12 10 1 1 1 1 12 10 1 100 1 12 10 1 1 12 9 1 1 12 9 1 1 12 10 1 100 1 1 12 10 100 1 1 12 10 1 1 1 1 12 9 1 12 10 100 10 1 1 1 12 10 1 1 12 9 1 12 9 1 100 1 1 12 10 12 10 1 1 1 1 1 1 1
ciMethod java/util/zip/ZipEntry setExtra0 ([BZZ)V 6 0 3 0 0
ciMethod java/util/zip/ZipEntry <init> (Ljava/lang/String;)V 634 0 309 0 0
ciMethod java/util/zip/ZipFile getEntry (Ljava/lang/String;)Ljava/util/zip/ZipEntry; 512 0 5396 0 -1
ciMethod java/util/zip/ZipFile ensureOpen ()V 512 0 5775 0 0
ciMethod java/util/zip/ZipFile getZipEntry (Ljava/lang/String;I)Ljava/util/zip/ZipEntry; 122 0 309 0 0
ciMethod java/util/jar/JarFile entryFor (Ljava/lang/String;)Ljava/util/jar/JarEntry; 634 0 309 0 0
instanceKlass java/util/zip/ZipCoder$UTF8ZipCoder
ciInstanceKlass java/util/zip/ZipCoder 1 1 205 1 7 1 7 1 7 1 1 1 1 1 1 1 1 1 1 1 1 1 1 1 1 7 1 1 12 9 12 9 1 1 12 10 1 1 1 100 1 1 12 10 1 100 1 1 12 10 1 100 1 1 12 10 1 100 1 12 10 1 100 1 12 10 1 12 10 1 1 1 1 1 12 10 1 12 10 1 100 1 1 12 10 1 1 12 10 1 12 10 1 1 12 10 1 12 10 1 1 12 10 1 12 10 1 7 1 10 1 1 1 1 100 10 1 12 10 100 1 100 1 1 1 12 10 1 12 10 1 1 12 10 1 1 12 10 1 100 1 1 12 10 1 12 10 12 9 12 9 1 100 1 12 10 1 100 1 1 12 9 1 1 12 10 1 12 10 12 9 1 12 10 1 12 10 12 10 12 9 1 8 1 12 10 1 8 1 1 12 10 1 1 7 1 1 12 10 12 9 10 1 1 1 1 1
staticfield java/util/zip/ZipCoder JLA Ljdk/internal/access/JavaLangAccess; java/lang/System$2
staticfield java/util/zip/ZipCoder UTF8 Ljava/util/zip/ZipCoder$UTF8ZipCoder; java/util/zip/ZipCoder$UTF8ZipCoder
ciInstanceKlass java/util/zip/ZipCoder$UTF8ZipCoder 1 1 43 1 100 1 7 1 1 1 12 10 1 1 1 1 1 1 12 9 1 7 1 12 11 1 1 1 12 11 1 1 1 100 1 1 12 10 1 1 1 1 1 1 1
ciMethod java/util/zip/ZipCoder$UTF8ZipCoder toString ([BII)Ljava/lang/String; 512 0 367 0 0
ciMethod java/util/zip/ZipCoder$UTF8ZipCoder isUTF8 ()Z 260 0 130 0 0
ciMethod java/util/zip/ZipCoder toString ([BII)Ljava/lang/String; 0 0 1 0 -1
ciMethod java/util/zip/ZipCoder hasTrailingSlash ([BI)Z 0 0 1 0 -1
ciMethod java/util/zip/ZipCoder isUTF8 ()Z 0 0 1 0 -1
ciMethod java/util/zip/ZipCoder hash (Ljava/lang/String;)I 46 0 5197 0 704
ciInstanceKlass java/nio/file/attribute/FileTime 1 1 280 1 7 1 1 7 1 100 1 100 1 1 1 1 1 1 1 1 1 5 0 1 5 0 1 1 5 0 1 5 0 1 5 0 1 5 0 1 5 0 1 1 3 1 3 1 5 0 1 5 0 1 5 0 1 5 0 1 5 0 1 1 1 12 10 12 9 12 9 12 9 1 1 8 1 7 1 1 12 10 12 10 1 1 1 7 1 12 9 1 8 1 1 1 1 12 10 1 100 1 1 12 10 1 12 9 5 0 5 0 1 1 12 10 1 12 9 1 1 12 10 1 100 1 12 10 1 1 1 1 1 1 12 9 1 12 10 5 0 12 10 5 0 5 0 1 1 12 10 1 12 10 1 100 1 8 1 12 10 1 12 9 1 12 9 1 1 12 10 1 1 1 1 12 10 1 12 10 12 10 1 12 10 1 1 12 9 1 12 10 1 12 10 1 7 1 1 12 10 12 10 12 10 1 1 1 100 1 12 10 1 1 12 9 1 12 10 5 0 1 100 1 1 12 9 1 100 1 12 10 1 12 10 10 1 12 10 1 8 1 8 1 100 1 12 10 1 12 10 12 10 1 1 12 10 1 12 10 1 12 10 1 12 10 1 12 10 1 12 10 3 12 10 1 1 1 1 1 1 1
ciInstanceKlass java/util/zip/ZipUtils 1 1 291 1 7 1 100 1 1 5 0 1 5 0 1 1 1 5 0 1 1 3 1 3 1 5 0 1 3 1 1 1 1 1 1 12 10 1 1 5 0 1 100 1 1 12 9 1 100 1 1 12 10 1 1 1 1 12 10 1 1 12 9 1 1 1 1 100 5 0 5 0 5 0 5 0 5 0 5 0 1 100 1 1 12 10 1 12 9 1 100 1 1 12 10 1 1 12 10 1 100 1 1 12 10 1 1 12 10 1 1 12 10 1 1 12 10 1 100 1 12 10 1 1 12 10 1 12 10 1 1 1 1 12 10 1 12 10 1 12 10 1 12 10 1 12 10 1 12 10 5 0 1 1 1 12 10 12 10 5 0 5 0 1 100 1 1 12 10 1 1 12 10 1 1 1 1 12 10 1 12 10 1 1 1 1 12 10 1 12 10 1 1 1 1 1 1 1 1 1 1 1 1 1 1 1 1 1 1 1 1 1 1 12 10 1 1 1 1 1 1 1 12 10 1 1 1 1 1 1 1 1 1 1 1 1 1 1 1 1 1 8 1 7 1 12 10 1 1 12 9 12 9 1 7 1 1 12 10 1 7 1 1 12 9 1 1 12 10 1 1 7 1 1 12 10 12 9 1 1 12 10 1 8 1 1 12 10 1 8 1 1 1
staticfield java/util/zip/ZipUtils defaultBuf Ljava/nio/ByteBuffer; java/nio/HeapByteBuffer
staticfield java/util/zip/ZipUtils unsafe Ljdk/internal/misc/Unsafe; jdk/internal/misc/Unsafe
staticfield java/util/zip/ZipUtils byteBufferArrayOffset J 48
staticfield java/util/zip/ZipUtils byteBufferOffsetOffset J 40
ciMethod java/util/zip/ZipUtils get16 ([BI)I 20 0 10 0 -1
ciMethod java/util/zip/ZipUtils get64 ([BI)J 0 0 1 0 -1
ciMethod java/util/zip/ZipUtils winTimeToFileTime (J)Ljava/nio/file/attribute/FileTime; 0 0 1 0 -1
ciMethod java/util/zip/ZipUtils get32S ([BI)I 0 0 1 0 -1
ciMethod java/util/zip/ZipUtils unixTimeToFileTime (J)Ljava/nio/file/attribute/FileTime; 0 0 1 0 -1
ciMethod java/util/zip/ZipUtils CENFLG ([BI)I 470 0 5614 0 160
ciMethod java/util/zip/ZipUtils CENHOW ([BI)I 512 0 6076 0 0
ciMethod java/util/zip/ZipUtils CENTIM ([BI)J 634 0 309 0 0
ciMethod java/util/zip/ZipUtils CENCRC ([BI)J 634 0 309 0 0
ciMethod java/util/zip/ZipUtils CENSIZ ([BI)J 512 0 624 0 0
ciMethod java/util/zip/ZipUtils CENLEN ([BI)J 514 0 939 0 0
ciMethod java/util/zip/ZipUtils CENNAM ([BI)I 512 0 6128 0 0
ciMethod java/util/zip/ZipUtils CENEXT ([BI)I 512 0 12497 0 0
ciMethod java/util/zip/ZipUtils CENCOM ([BI)I 512 0 7045 0 0
ciMethod java/util/zip/ZipUtils CENVEM_FA ([BI)I 634 0 309 0 0
ciMethod java/util/zip/ZipUtils CENATX_PERMS ([BI)I 512 0 287 0 0
ciMethod java/util/zip/ZipUtils CH ([BI)I 634 0 309 0 0
ciMethod java/util/zip/ZipUtils SH ([BI)I 768 0 51714 0 160
ciMethod java/util/zip/ZipUtils LG ([BI)J 514 0 7209 0 224
ciInstanceKlass java/util/zip/ZipFile$Source 1 1 599 1 7 1 7 1 7 1 1 7 1 1 7 1 1 100 1 7 1 1 1 1 1 3 1 1 1 1 1 1 1 1 1 1 1 1 1 1 1 1 1 1 1 1 1 1 1 3 1 1 1 1 1 1 1 1 1 3 1 1 1 1 100 1 100 12 9 1 7 1 1 12 10 5 0 1 8 1 1 12 10 100 1 1 12 10 1 12 10 1 8 1 100 1 1 12 10 1 8 1 1 12 10 1 12 10 1 8 1 1 12 10 1 12 10 1 8 1 12 10 1 12 9 1 8 1 1 12 10 1 1 12 10 1 1 12 10 3 12 9 12 9 12 9 1 12 9 1 100 1 8 3 1 8 1 8 1 12 10 1 8 1 100 1 1 12 10 1 7 1 1 12 10 1 12 10 1 12 10 1 1 12 10 5 0 1 8 1 1 12 10 1 12 10 1 8 1 8 1 1 1 1 1 1 1 100 1 100 12 9 1 7 1 12 10 1 7 1 12 10 1 7 1 7 1 7 1 1 12 10 1 12 10 1 12 10 12 9 1 7 1 12 10 12 9 1 100 1 12 10 1 1 12 10 1 12 10 1 1 12 10 1 1 12 9 1 12 10 10 12 9 12 9 12 9 1 12 9 1 7 1 1 12 10 1 1 12 9 1 8 1 100 1 1 12 11 12 9 1 7 1 12 10 1 1 12 10 1 1 12 10 1 1 12 10 1 1 12 10 5 0 12 9 10 12 9 12 9 12 9 1 1 12 10 1 7 1 12 10 1 1 12 10 1 1 12 10 1 1 1 1 12 10 1 8 10 5 0 1 7 1 1 12 10 1 8 1 1 12 10 1 1 12 10 1 12 9 1 12 10 1 12 9 1 12 10 1 12 9 1 12 9 1 12 10 5 0 1 12 10 12 9 1 8 5 0 5 0 1 12 10 5 0 1 12 10 1 12 10 1 12 10 12 10 12 10 12 9 12 9 1 8 1 8 5 0 1 8 1 8 1 12 10 100 1 100 1 100 1 12 10 12 10 1 1 12 10 1 1 12 10 1 12 10 12 10 1 12 10 1 12 10 1 100 10 11 1 1 12 10 1 1 12 10 1 12 10 1 12 10 11 1 1 12 11 1 100 1 12 11 1 1 12 11 1 12 10 1 1 1 12 10 12 10 12 10 1 12 10 12 10 1 12 10 1 1 12 10 1 1 12 10 12 10 12 10 1 12 10 1 1 12 9 12 9 1 100 1 1 12 9 1 12 10 1 100 1 1 12 9 1 1 12 10 1 100 1 12 10 1 100 10 1 1 7 1 12 10 1 1 12 10 12 9 10 1 7 1 1 12 10 1 1 1 1 1 1 1 1
staticfield java/util/zip/ZipFile$Source JUJA Ljdk/internal/access/JavaUtilJarAccess; java/util/jar/JavaUtilJarAccessImpl
staticfield java/util/zip/ZipFile$Source EMPTY_META_VERSIONS [I 0
staticfield java/util/zip/ZipFile$Source files Ljava/util/HashMap; java/util/HashMap
staticfield java/util/zip/ZipFile$Source builtInFS Ljava/nio/file/FileSystem; sun/nio/fs/WindowsFileSystem
staticfield java/util/zip/ZipFile$Source $assertionsDisabled Z 1
ciInstanceKlass java/util/zip/ZipFile$CleanableResource 1 1 143 1 7 1 7 1 100 1 100 1 100 1 7 1 1 1 7 1 1 1 1 1 1 1 1 1 1 1 1 1 1 100 1 12 10 1 7 1 1 12 10 1 1 12 10 12 9 1 7 10 1 7 1 1 12 10 12 9 1 7 10 12 9 1 100 1 100 1 1 12 10 12 9 1 12 11 1 1 1 7 1 1 12 11 1 7 1 100 1 12 10 1 1 1 12 10 1 1 12 11 1 12 10 1 1 100 1 1 12 11 1 100 1 1 12 11 1 100 1 12 11 1 12 10 1 1 12 10 1 1 12 10 1 100 1 12 10 1 1 1 1 1 1
ciMethod java/util/zip/ZipFile$Source getEntryPos (I)I 136 0 325 0 0
ciMethod java/util/zip/ZipFile$Source getEntryPos (Ljava/lang/String;Z)I 518 950 5412 0 2336
ciMethod java/util/zip/ZipFile$Source zipCoderForPos (I)Ljava/util/zip/ZipCoder; 512 0 5470 0 128
ciMethod java/util/zip/ZipFile$Source getEntryHash (I)I 512 0 10448 0 0
ciMethod java/util/zip/ZipFile$Source getEntryNext (I)I 516 0 10123 0 0
ciMethod java/util/jar/JarEntry <init> (Ljava/lang/String;)V 634 0 309 0 0
ciMethod java/util/jar/JarFile$JarFileEntry <init> (Ljava/util/jar/JarFile;Ljava/lang/String;)V 634 0 309 0 0
ciMethod jdk/internal/access/JavaUtilJarAccess entryFor (Ljava/util/jar/JarFile;Ljava/lang/String;)Ljava/util/jar/JarEntry; 0 0 1 0 -1
ciMethod java/lang/NullPointerException <init> (Ljava/lang/String;)V 0 0 1 0 -1
ciMethod java/util/Arrays copyOfRange ([BII)[B 512 0 5416 0 736
ciMethod java/util/Arrays copyOf ([BI)[B 80 0 938 0 -1
ciMethod java/lang/Math min (II)I 526 0 9185 0 -1
ciMethod java/lang/Exception <init> (Ljava/lang/String;)V 0 0 1 0 -1
ciMethod jdk/internal/access/JavaLangAccess newStringUTF8NoRepl ([BII)Ljava/lang/String; 0 0 1 0 -1
ciMethod java/lang/StringBuilder <init> ()V 180 0 1926 0 -1
ciMethod java/lang/StringBuilder toString ()Ljava/lang/String; 192 0 2160 0 -1
ciMethod java/lang/StringBuilder append (Ljava/lang/String;)Ljava/lang/StringBuilder; 448 0 5853 0 -1
ciMethod java/lang/StringBuilder append (I)Ljava/lang/StringBuilder; 12 0 45 0 -1
ciMethod java/lang/String charAt (I)C 1024 0 120496 0 160
ciMethod java/lang/String isEmpty ()Z 518 0 10794 0 96
ciMethod java/lang/String length ()I 1024 0 71413 0 96
ciMethod java/lang/String <init> ([BB)V 512 0 10231 0 -1
ciMethod java/lang/String equals (Ljava/lang/Object;)Z 1024 0 19831 0 416
ciMethod java/lang/String hashCode ()I 1024 0 5659 0 448
ciMethod java/lang/String checkIndex (II)V 0 0 274 0 -1
ciMethod java/lang/String coder ()B 1024 0 101536 0 0
ciMethod java/lang/String checkBoundsOffCount (III)V 528 0 2581 0 -1
ciMethod java/lang/String isNotContinuation (I)Z 12 0 6 0 -1
ciMethod java/lang/String decode2 (II)C 12 0 6 0 -1
ciMethod java/lang/String decodeUTF8_UTF16 ([BII[BIZ)I 2 10070 1 0 -1
ciMethod java/lang/String newStringUTF8NoRepl ([BII)Ljava/lang/String; 42 0 367 0 0
ciMethod java/lang/String isLatin1 ()Z 1024 0 156097 0 96
ciMethod java/lang/String startsWith (Ljava/lang/String;)Z 512 0 5823 0 -1
ciMethod java/lang/String startsWith (Ljava/lang/String;I)Z 520 1486 4445 0 -1
ciMethod java/lang/String endsWith (Ljava/lang/String;)Z 512 0 1166 0 0
ciMethod java/lang/Object <init> ()V 1024 0 39934 0 64
ciInstanceKlass java/lang/IllegalStateException 0 0 24 1 100 1 100 1 1 5 0 1 1 12 10 1 12 10 1 12 10 1 12 10 1 1
ciInstanceKlass java/lang/AssertionError 0 0 62 1 100 1 100 1 1 5 0 1 1 12 10 1 12 10 1 1 100 1 1 12 10 10 1 100 1 1 12 10 1 100 1 1 12 10 1 1 12 10 1 1 12 10 1 1 12 10 1 1 12 10 1 1 12 10 1 12 10 1 1 1
ciInstanceKlass sun/net/www/protocol/jar/URLJarFile 1 1 273 1 7 1 7 1 100 1 7 1 100 1 1 100 1 100 1 1 1 1 1 1 1 1 1 1 1 1 1 1 1 1 1 1 100 1 12 10 1 1 12 10 1 8 1 7 1 1 12 10 1 7 1 1 12 10 1 1 12 10 1 12 10 1 1 12 10 1 12 10 1 1 12 10 1 12 10 12 9 1 1 12 10 1 7 1 12 10 1 7 1 1 12 10 1 12 10 1 12 10 1 8 1 1 12 10 1 12 10 1 1 12 10 1 8 1 8 1 1 12 10 1 7 1 12 10 1 100 1 100 1 100 1 12 10 1 100 1 1 12 10 1 1 12 10 1 8 1 12 10 1 12 10 10 1 1 1 12 10 1 100 10 1 1 12 10 12 9 1 100 1 1 12 10 1 100 1 1 12 10 12 9 1 1 12 10 1 1 12 11 1 100 1 1 12 11 1 100 1 12 11 1 12 11 1 1 12 11 1 1 12 11 1 1 12 11 12 10 12 9 12 10 1 100 1 100 12 9 1 100 12 11 1 1 12 10 1 100 1 1 12 10 1 12 10 1 100 1 1 12 10 1 100 10 1 1 12 10 1 1 12 10 1 1 1 12 9 1 1 1 1 1 1
ciInstanceKlass java/lang/StringIndexOutOfBoundsException 0 0 35 1 100 1 100 1 1 5 0 1 1 12 10 1 12 10 1 1 100 10 1 8 1 1 12 10 1 12 10 1 1 12 10 1 1
ciMethodData java/lang/Object <init> ()V 2 39934 orig 80 0 0 0 0 0 0 0 0 0 0 0 0 0 0 0 0 0 0 0 0 0 0 0 0 0 0 0 0 0 0 0 0 0 0 0 0 0 0 0 0 0 0 0 0 0 0 0 0 0 0 0 0 0 0 0 0 0 0 0 0 0 0 0 0 0 0 0 0 0 0 0 0 0 0 0 0 0 0 0 0 data 4 0x0 0x9 0x1 0x0 oops 0 methods 0
ciMethodData java/lang/StringLatin1 hashCode ([B)I 2 32039 orig 80 0 0 0 0 0 0 0 0 0 0 0 0 0 0 0 0 0 0 0 0 0 0 0 0 0 0 0 0 0 0 0 0 0 0 0 0 0 0 0 0 0 0 0 0 0 0 0 0 0 0 0 0 0 0 0 0 0 0 0 0 0 0 0 0 0 0 0 0 0 0 0 0 0 0 0 0 0 0 0 0 data 14 0xd0007 0x411 0x38 0x6d27 0x250003 0x6d27 0xffffffffffffffe0 0x0 0x0 0x0 0x0 0x9 0x1 0x0 oops 0 methods 0
ciMethodData java/lang/String hashCode ()I 2 5659 orig 80 0 0 0 0 0 0 0 0 0 0 0 0 0 0 0 0 0 0 0 0 0 0 0 0 0 0 0 0 0 0 0 0 0 0 0 0 0 0 0 0 0 0 0 0 0 0 0 0 0 0 0 0 0 0 0 0 0 0 0 0 0 0 0 0 0 0 0 0 0 0 0 0 0 0 0 0 0 0 0 0 data 42 0x60007 0xd68 0x108 0x6b4 0xd0007 0x32 0xe8 0x682 0x110005 0x682 0x0 0x0 0x0 0x0 0x0 0x140007 0x0 0x48 0x682 0x1b0002 0x682 0x1e0003 0x682 0x28 0x250002 0x0 0x2a0007 0x681 0x38 0x1 0x320003 0x1 0x18 0x0 0x0 0x0 0x0 0x0 0x0 0x9 0x1 0x0 oops 0 methods 0
ciMethodData java/lang/String isLatin1 ()Z 2 156097 orig 80 0 0 0 0 0 0 0 0 0 0 0 0 0 0 0 0 0 0 0 0 0 0 0 0 0 0 0 0 0 0 0 0 0 0 0 0 0 0 0 0 0 0 0 0 0 0 0 0 0 0 0 0 0 0 0 0 0 0 0 0 0 0 0 0 0 0 0 0 0 0 0 0 0 0 0 0 0 0 0 0 data 18 0x30007 0x0 0x58 0x25fc2 0xa0007 0x5 0x38 0x25fbd 0xe0003 0x25fbd 0x18 0x0 0x0 0x0 0x0 0x9 0x1 0x0 oops 0 methods 0
ciMethodData java/lang/String equals (Ljava/lang/Object;)Z 2 19831 orig 80 0 0 0 0 0 0 0 0 0 0 0 0 0 0 0 0 0 0 0 0 0 0 0 0 0 0 0 0 0 0 0 0 0 0 0 0 0 0 0 0 0 0 0 0 0 0 0 0 0 0 0 0 0 0 0 0 0 0 0 0 0 0 0 0 0 0 0 0 0 0 0 0 0 0 0 0 0 0 0 0 data 49 0x20007 0x4969 0x20 0x20f 0x80104 0x0 0x0 0x2341b730 0x494f 0x0 0x0 0xb0007 0x1a 0xe0 0x494f 0xf0004 0x0 0x0 0x2341b730 0x494f 0x0 0x0 0x160007 0x0 0x40 0x494f 0x210007 0x0 0x68 0x494f 0x2c0002 0x494f 0x2f0007 0x4172 0x38 0x7dd 0x330003 0x7dd 0x18 0x0 0x0 0x0 0x0 0x0 0x0 0x9 0x2 0x0 0x0 oops 2 7 java/lang/String 18 java/lang/String methods 0
ciMethodData java/lang/String coder ()B 2 101536 orig 80 0 0 0 0 0 0 0 0 0 0 0 0 0 0 0 0 0 0 0 0 0 0 0 0 0 0 0 0 0 0 0 0 0 0 0 0 0 0 0 0 0 0 0 0 0 0 0 0 0 0 0 0 0 0 0 0 0 0 0 0 0 0 0 0 0 0 0 0 0 0 0 0 0 0 0 0 0 0 0 0 data 14 0x30007 0x0 0x38 0x18aa1 0xa0003 0x18aa1 0x18 0x0 0x0 0x0 0x0 0x9 0x1 0x0 oops 0 methods 0
ciMethodData java/lang/String charAt (I)C 2 120496 orig 80 0 0 0 0 0 0 0 0 0 0 0 0 0 0 0 0 0 0 0 0 0 0 0 0 0 0 0 0 0 0 0 0 0 0 0 0 0 0 0 0 0 0 0 0 0 0 0 0 0 0 0 0 0 0 0 0 0 0 0 0 0 0 0 0 0 0 0 0 0 0 0 0 0 0 0 0 0 0 0 0 data 25 0x10005 0x1d4b1 0x0 0x0 0x0 0x0 0x0 0x40007 0x5 0x30 0x1d4ac 0xc0002 0x1d4ac 0x150002 0x5 0x0 0x0 0x0 0x0 0x0 0x0 0x9 0x2 0x0 0x0 oops 0 methods 0
ciMethodData java/lang/StringLatin1 charAt ([BI)C 2 120491 orig 80 0 0 0 0 0 0 0 0 0 0 0 0 0 0 0 0 0 0 0 0 0 0 0 0 0 0 0 0 0 0 0 0 0 0 0 0 0 0 0 0 0 0 0 0 0 0 0 0 0 0 0 0 0 0 0 0 0 0 0 0 0 0 0 0 0 0 0 0 0 0 0 0 0 0 0 0 0 0 0 0 data 18 0x10007 0x0 0x40 0x1d4ac 0x70007 0x1d4ac 0x30 0x0 0xf0002 0x0 0x0 0x0 0x0 0x0 0x9 0x2 0x0 0x0 oops 0 methods 0
ciMethodData java/lang/StringUTF16 charAt ([BI)C 1 6 orig 80 0 0 0 0 0 0 0 0 0 0 0 0 0 0 0 0 0 0 0 0 0 0 0 0 0 0 0 0 0 0 0 0 0 0 0 0 0 0 0 0 0 0 0 0 0 0 0 0 0 0 0 0 0 0 0 0 0 0 0 0 0 0 0 0 0 0 0 0 0 0 0 0 0 0 0 0 0 0 0 0 data 14 0x20002 0x6 0x70002 0x1 0x0 0x0 0x0 0x0 0x0 0x0 0x9 0x2 0x0 0x0 oops 0 methods 0
ciMethodData java/lang/StringUTF16 checkIndex (I[B)V 1 57 orig 80 0 0 0 0 0 0 0 0 0 0 0 0 0 0 0 0 0 0 0 0 0 0 0 0 0 0 0 0 0 0 0 0 0 0 0 0 0 0 0 0 0 0 0 0 0 0 0 0 0 0 0 0 0 0 0 0 0 0 0 0 0 0 0 0 0 0 0 0 0 0 0 0 0 0 0 0 0 0 0 0 data 14 0x20002 0x39 0x50002 0x39 0x0 0x0 0x0 0x0 0x0 0x0 0x9 0x2 0x0 0x0 oops 0 methods 0
ciMethodData java/lang/StringUTF16 length ([B)I 1 70 orig 80 0 0 0 0 0 0 0 0 0 0 0 0 0 0 0 0 0 0 0 0 0 0 0 0 0 0 0 0 0 0 0 0 0 0 0 0 0 0 0 0 0 0 0 0 0 0 0 0 0 0 0 0 0 0 0 0 0 0 0 0 0 0 0 0 0 0 0 0 0 0 0 0 0 0 0 0 0 0 0 0 data 6 0x0 0x0 0x0 0x9 0x1 0x0 oops 0 methods 0
ciMethodData java/lang/String length ()I 2 71413 orig 80 0 0 0 0 0 0 0 0 0 0 0 0 0 0 0 0 0 0 0 0 0 0 0 0 0 0 0 0 0 0 0 0 0 0 0 0 0 0 0 0 0 0 0 0 0 0 0 0 0 0 0 0 0 0 0 0 0 0 0 0 0 0 0 0 0 0 0 0 0 0 0 0 0 0 0 0 0 0 0 0 data 16 0x60005 0x114f6 0x0 0x0 0x0 0x0 0x0 0x0 0x0 0x0 0x0 0x0 0x0 0x9 0x1 0x0 oops 0 methods 0
ciMethodData java/util/zip/ZipUtils SH ([BI)I 2 51714 orig 80 0 0 0 0 0 0 0 0 0 0 0 0 0 0 0 0 0 0 0 0 0 0 0 0 0 0 0 0 0 0 0 0 0 0 0 0 0 0 0 0 0 0 0 0 0 0 0 0 0 0 0 0 0 0 0 0 0 0 0 0 0 0 0 0 0 0 0 0 0 0 0 0 0 0 0 0 0 0 0 0 data 8 0x0 0x0 0x0 0x0 0x9 0x2 0x0 0x0 oops 0 methods 0
ciMethodData java/lang/String isEmpty ()Z 2 10794 orig 80 0 0 0 0 0 0 0 0 0 0 0 0 0 0 0 0 0 0 0 0 0 0 0 0 0 0 0 0 0 0 0 0 0 0 0 0 0 0 0 0 0 0 0 0 0 0 0 0 0 0 0 0 0 0 0 0 0 0 0 0 0 0 0 0 0 0 0 0 0 0 0 0 0 0 0 0 0 0 0 0 data 14 0x50007 0x1a21 0x38 0xf06 0x90003 0xf06 0x18 0x0 0x0 0x0 0x0 0x9 0x1 0x0 oops 0 methods 0
ciMethodData java/util/Arrays copyOfRange ([BII)[B 2 5416 orig 80 0 0 0 0 0 0 0 0 0 0 0 0 0 0 0 0 0 0 0 0 0 0 0 0 0 0 0 0 0 0 0 0 0 0 0 0 0 0 0 0 0 0 0 0 0 0 0 0 0 0 0 0 0 0 0 0 0 0 0 0 0 0 0 0 0 0 0 0 0 0 0 0 0 0 0 0 0 0 0 0 data 51 0x50007 0x1428 0x120 0x0 0x100002 0x0 0x140005 0x0 0x0 0x0 0x0 0x0 0x0 0x1a0005 0x0 0x0 0x0 0x0 0x0 0x0 0x1e0005 0x0 0x0 0x0 0x0 0x0 0x0 0x210005 0x0 0x0 0x0 0x0 0x0 0x0 0x240002 0x0 0x370002 0x1428 0x3a0002 0x1428 0x0 0x0 0x0 0x0 0x0 0x0 0x9 0x3 0xffffffffffffffff 0x0 0x0 oops 0 methods 0
ciMethodData java/lang/String startsWith (Ljava/lang/String;I)Z 2 14235 orig 80 0 0 0 0 0 0 0 0 0 0 0 0 0 0 0 0 0 0 0 0 0 0 0 0 0 0 0 0 0 0 0 0 0 0 0 0 0 0 0 0 0 0 0 0 0 0 0 0 0 0 0 0 0 0 0 0 0 0 0 0 0 0 0 0 0 0 0 0 0 0 0 0 0 0 0 0 0 0 0 0 data 83 0x10007 0x0 0xb0 0x1059 0x60005 0x1059 0x0 0x0 0x0 0x0 0x0 0xa0005 0x1059 0x0 0x0 0x0 0x0 0x0 0xe0007 0xfdc 0x20 0x7d 0x270005 0xfdc 0x0 0x0 0x0 0x0 0x0 0x2f0005 0xfdc 0x0 0x0 0x0 0x0 0x0 0x320007 0x0 0xb0 0xfdc 0x370007 0x0 0x38 0xfdc 0x3b0003 0xfdc 0x18 0x470007 0x29a 0x40 0x41f6 0x590007 0x34b4 0xffffffffffffffe0 0xd42 0x5e0003 0x29a 0x88 0x630007 0x0 0x20 0x0 0x6c0007 0x0 0x50 0x0 0x740002 0x0 0x830007 0x0 0xffffffffffffffd0 0x0 0x0 0x0 0x0 0x0 0x0 0x0 0x9 0x3 0x0 0x0 0x0 oops 0 methods 0
ciMethodData java/util/zip/ZipUtils LG ([BI)J 2 7209 orig 80 0 0 0 0 0 0 0 0 0 0 0 0 0 0 0 0 0 0 0 0 0 0 0 0 0 0 0 0 0 0 0 0 0 0 0 0 0 0 0 0 0 0 0 0 0 0 0 0 0 0 0 0 0 0 0 0 0 0 0 0 0 0 0 0 0 0 0 0 0 0 0 0 0 0 0 0 0 0 0 0 data 14 0x20002 0x1b28 0x90002 0x1b28 0x0 0x0 0x0 0x0 0x0 0x0 0x9 0x2 0x0 0x0 oops 0 methods 0
ciMethodData java/util/zip/ZipUtils CENEXT ([BI)I 2 12497 orig 80 0 0 0 0 0 0 0 0 0 0 0 0 0 0 0 0 0 0 0 0 0 0 0 0 0 0 0 0 0 0 0 0 0 0 0 0 0 0 0 0 0 0 0 0 0 0 0 0 0 0 0 0 0 0 0 0 0 0 0 0 0 0 0 0 0 0 0 0 0 0 0 0 0 0 0 0 0 0 0 0 data 12 0x50002 0x2fd1 0x0 0x0 0x0 0x0 0x0 0x0 0x9 0x2 0x0 0x0 oops 0 methods 0
ciMethodData java/lang/System$2 newStringUTF8NoRepl ([BII)Ljava/lang/String; 1 367 orig 80 0 0 0 0 0 0 0 0 0 0 0 0 0 0 0 0 0 0 0 0 0 0 0 0 0 0 0 0 0 0 0 0 0 0 0 0 0 0 0 0 0 0 0 0 0 0 0 0 0 0 0 0 0 0 0 0 0 0 0 0 0 0 0 0 0 0 0 0 0 0 0 0 0 0 0 0 0 0 0 0 data 14 0x30002 0x15a 0x0 0x0 0x0 0x0 0x0 0x0 0x9 0x4 0x0 0x0 0x0 0x0 oops 0 methods 0
ciMethodData java/lang/String newStringUTF8NoRepl ([BII)Ljava/lang/String; 1 367 orig 80 0 0 0 0 0 0 0 0 0 0 0 0 0 0 0 0 0 0 0 0 0 0 0 0 0 0 0 0 0 0 0 0 0 0 0 0 0 0 0 0 0 0 0 0 0 0 0 0 0 0 0 0 0 0 0 0 0 0 0 0 0 0 0 0 0 0 0 0 0 0 0 0 0 0 0 0 0 0 0 0 data 107 0x40002 0x15a 0x80007 0x15a 0x20 0x0 0x110007 0x0 0x70 0x15a 0x170002 0x15a 0x1a0007 0x0 0x40 0x15a 0x260002 0x15a 0x2a0002 0x15a 0x3b0007 0x0 0x188 0x0 0x450007 0x0 0x108 0x0 0x4f0007 0x0 0x38 0x0 0x600003 0x0 0xffffffffffffffc0 0x6c0007 0x0 0xb0 0x0 0x730007 0x0 0x90 0x0 0x7f0002 0x0 0x820007 0x0 0x48 0x0 0x900002 0x0 0x980003 0x0 0xffffffffffffff28 0x9b0003 0x0 0x18 0xa00007 0x0 0x60 0x0 0xa80007 0x0 0x30 0x0 0xaf0002 0x0 0xbb0002 0x0 0xc10007 0x0 0x40 0x0 0xc60007 0x0 0x48 0x0 0xca0002 0x0 0xcf0003 0x0 0x38 0xd30002 0x0 0xe00002 0x0 0xef0002 0x0 0xf70007 0x0 0x30 0x0 0x1000002 0x0 0x10c0002 0x0 0x0 0x0 0x0 0x0 0x0 0x0 0x9 0x3 0x0 0x0 0x0 oops 0 methods 0
ciMethodData java/util/zip/ZipCoder hash (Ljava/lang/String;)I 2 5197 orig 80 0 0 0 0 0 0 0 0 0 0 0 0 0 0 0 0 0 0 0 0 0 0 0 0 0 0 0 0 0 0 0 0 0 0 0 0 0 0 0 0 0 0 0 0 0 0 0 0 0 0 0 0 0 0 0 0 0 0 0 0 0 0 0 0 0 0 0 0 0 0 0 0 0 0 0 0 0 0 0 0 data 38 0x10005 0x1436 0x0 0x0 0x0 0x0 0x0 0x60005 0x1436 0x0 0x0 0x0 0x0 0x0 0xb0007 0x0 0x78 0x1436 0x120005 0x1436 0x0 0x0 0x0 0x0 0x0 0x170007 0x0 0x20 0x1436 0x0 0x0 0x0 0x0 0x0 0x0 0x9 0x1 0x0 oops 0 methods 0
ciMethodData java/util/zip/ZipUtils CENNAM ([BI)I 2 6128 orig 80 0 0 0 0 0 0 0 0 0 0 0 0 0 0 0 0 0 0 0 0 0 0 0 0 0 0 0 0 0 0 0 0 0 0 0 0 0 0 0 0 0 0 0 0 0 0 0 0 0 0 0 0 0 0 0 0 0 0 0 0 0 0 0 0 0 0 0 0 0 0 0 0 0 0 0 0 0 0 0 0 data 12 0x50002 0x16f0 0x0 0x0 0x0 0x0 0x0 0x0 0x9 0x2 0x0 0x0 oops 0 methods 0
ciMethodData java/util/zip/ZipFile$Source zipCoderForPos (I)Ljava/util/zip/ZipCoder; 2 5470 orig 80 0 0 0 0 0 0 0 0 0 0 0 0 0 0 0 0 0 0 0 0 0 0 0 0 0 0 0 0 0 0 0 0 0 0 0 0 0 0 0 0 0 0 0 0 0 0 0 0 0 0 0 0 0 0 0 0 0 0 0 0 0 0 0 0 0 0 0 0 0 0 0 0 0 0 0 0 0 0 0 0 data 27 0x40005 0x0 0x0 0x6a3d5360 0x145e 0x0 0x0 0x70007 0x0 0x20 0x145e 0x140002 0x0 0x1b0007 0x0 0x20 0x0 0x0 0x0 0x0 0x0 0x0 0x0 0x9 0x2 0x0 0x0 oops 1 3 java/util/zip/ZipCoder$UTF8ZipCoder methods 0
ciMethodData java/util/zip/ZipUtils CENFLG ([BI)I 2 5614 orig 80 0 0 0 0 0 0 0 0 0 0 0 0 0 0 0 0 0 0 0 0 0 0 0 0 0 0 0 0 0 0 0 0 0 0 0 0 0 0 0 0 0 0 0 0 0 0 0 0 0 0 0 0 0 0 0 0 0 0 0 0 0 0 0 0 0 0 0 0 0 0 0 0 0 0 0 0 0 0 0 0 data 12 0x50002 0x1503 0x0 0x0 0x0 0x0 0x0 0x0 0x9 0x2 0x0 0x0 oops 0 methods 0
ciMethodData java/util/zip/ZipUtils CENHOW ([BI)I 2 6076 orig 80 0 0 0 0 0 0 0 0 0 0 0 0 0 0 0 0 0 0 0 0 0 0 0 0 0 0 0 0 0 0 0 0 0 0 0 0 0 0 0 0 0 0 0 0 0 0 0 0 0 0 0 0 0 0 0 0 0 0 0 0 0 0 0 0 0 0 0 0 0 0 0 0 0 0 0 0 0 0 0 0 data 12 0x50002 0x16bc 0x0 0x0 0x0 0x0 0x0 0x0 0x9 0x2 0x0 0x0 oops 0 methods 0
ciMethodData java/util/zip/ZipUtils CENCOM ([BI)I 2 7045 orig 80 0 0 0 0 0 0 0 0 0 0 0 0 0 0 0 0 0 0 0 0 0 0 0 0 0 0 0 0 0 0 0 0 0 0 0 0 0 0 0 0 0 0 0 0 0 0 0 0 0 0 0 0 0 0 0 0 0 0 0 0 0 0 0 0 0 0 0 0 0 0 0 0 0 0 0 0 0 0 0 0 data 12 0x50002 0x1a85 0x0 0x0 0x0 0x0 0x0 0x0 0x9 0x2 0x0 0x0 oops 0 methods 0
ciMethodData java/util/Objects requireNonNull (Ljava/lang/Object;Ljava/lang/String;)Ljava/lang/Object; 2 7541 orig 80 0 0 0 0 0 0 0 0 0 0 0 0 0 0 0 0 0 0 0 0 0 0 0 0 0 0 0 0 0 0 0 0 0 0 0 0 0 0 0 0 0 0 0 0 0 0 0 0 0 0 0 0 0 0 0 0 0 0 0 0 0 0 0 0 0 0 0 0 0 0 0 0 0 0 0 0 0 0 0 0 data 16 0x10007 0x1c75 0x30 0x0 0x90002 0x0 0x0 0x0 0x0 0x0 0x0 0x0 0x9 0x2 0x0 0xffffffffffffffff oops 0 methods 0
ciMethodData java/lang/NullPointerException <init> (Ljava/lang/String;)V 1 0 orig 80 0 0 0 0 0 0 0 0 0 0 0 0 0 0 0 0 0 0 0 0 0 0 0 0 0 0 0 0 0 0 0 0 0 0 0 0 0 0 0 0 0 0 0 0 0 0 0 0 0 0 0 0 0 0 0 0 0 0 0 0 0 0 0 0 0 0 0 0 0 0 0 0 0 0 0 0 0 0 0 0 data 8 0x20002 0x0 0x0 0x0 0x9 0x2 0xffffffffffffffff 0xffffffffffffffff oops 0 methods 0
ciMethodData java/util/zip/ZipFile$Source getEntryHash (I)I 2 10448 orig 80 0 0 0 0 0 0 0 0 0 0 0 0 0 0 0 0 0 0 0 0 0 0 0 0 0 0 0 0 0 0 0 0 0 0 0 0 0 0 0 0 0 0 0 0 0 0 0 0 0 0 0 0 0 0 0 0 0 0 0 0 0 0 0 0 0 0 0 0 0 0 0 0 0 0 0 0 0 0 0 0 data 8 0x0 0x0 0x0 0x0 0x9 0x2 0x0 0x0 oops 0 methods 0
ciMethodData java/util/zip/ZipFile$Source getEntryNext (I)I 2 10123 orig 80 0 0 0 0 0 0 0 0 0 0 0 0 0 0 0 0 0 0 0 0 0 0 0 0 0 0 0 0 0 0 0 0 0 0 0 0 0 0 0 0 0 0 0 0 0 0 0 0 0 0 0 0 0 0 0 0 0 0 0 0 0 0 0 0 0 0 0 0 0 0 0 0 0 0 0 0 0 0 0 0 data 8 0x0 0x0 0x0 0x0 0x9 0x2 0x0 0x0 oops 0 methods 0
ciMethodData java/util/zip/ZipFile ensureOpen ()V 2 5775 orig 80 0 0 0 0 0 0 0 0 0 0 0 0 0 0 0 0 0 0 0 0 0 0 0 0 0 0 0 0 0 0 0 0 0 0 0 0 0 0 0 0 0 0 0 0 0 0 0 0 0 0 0 0 0 0 0 0 0 0 0 0 0 0 0 0 0 0 0 0 0 0 0 0 0 0 0 0 0 0 0 0 data 21 0x40007 0x158f 0x30 0x0 0xe0002 0x0 0x190007 0x158f 0x30 0x0 0x230002 0x0 0x0 0x0 0x0 0x0 0x0 0x0 0x9 0x1 0x0 oops 0 methods 0
ciMethodData java/util/zip/ZipFile$Source getEntryPos (Ljava/lang/String;Z)I 2 10123 orig 80 0 0 0 0 0 0 0 0 0 0 0 0 0 0 0 0 0 0 0 0 0 0 0 0 0 0 0 0 0 0 0 0 0 0 0 0 0 0 0 0 0 0 0 0 0 0 0 0 0 0 0 0 0 0 0 0 0 0 0 0 0 0 0 0 0 0 0 0 0 0 0 0 0 0 0 0 0 0 0 0 data 141 0x40007 0x1421 0x20 0x0 0xa0002 0x1421 0x210007 0x1320 0x3e0 0x26b1 0x270005 0x26b1 0x0 0x0 0x0 0x0 0x0 0x2b0007 0x25b0 0x338 0x101 0x310005 0x101 0x0 0x0 0x0 0x0 0x0 0x390005 0x101 0x0 0x0 0x0 0x0 0x0 0x4f0002 0x101 0x520005 0x0 0x0 0x6a3d5360 0x101 0x0 0x0 0x590005 0x101 0x0 0x0 0x0 0x0 0x0 0x5f0005 0x101 0x0 0x0 0x0 0x0 0x0 0x680007 0x0 0x78 0x101 0x6e0005 0x101 0x0 0x0 0x0 0x0 0x0 0x710007 0x0 0x20 0x101 0x780007 0x0 0x160 0x0 0x810007 0x0 0x140 0x0 0x870005 0x0 0x0 0x0 0x0 0x0 0x0 0x8a0007 0x0 0xe8 0x0 0x930005 0x0 0x0 0x0 0x0 0x0 0x0 0x980007 0x0 0x90 0x0 0x9e0005 0x0 0x0 0x0 0x0 0x0 0x0 0xa60007 0x0 0x38 0x0 0xab0003 0x0 0x18 0xb10003 0x0 0x18 0xb90005 0x25b0 0x0 0x0 0x0 0x0 0x0 0xbe0003 0x25b0 0xfffffffffffffc38 0x0 0x0 0x0 0x0 0x0 0x0 0x9 0x3 0x0 0x0 0x0 oops 1 40 java/util/zip/ZipCoder$UTF8ZipCoder methods 0
ciMethodData java/util/zip/ZipFile$Source getEntryPos (I)I 1 325 orig 80 0 0 0 0 0 0 0 0 0 0 0 0 0 0 0 0 0 0 0 0 0 0 0 0 0 0 0 0 0 0 0 0 0 0 0 0 0 0 0 0 0 0 0 0 0 0 0 0 0 0 0 0 0 0 0 0 0 0 0 0 0 0 0 0 0 0 0 0 0 0 0 0 0 0 0 0 0 0 0 0 data 8 0x0 0x0 0x0 0x0 0x9 0x2 0x0 0x0 oops 0 methods 0
ciMethodData java/util/zip/ZipFile getEntry (Ljava/lang/String;)Ljava/util/zip/ZipEntry; 2 5396 orig 80 0 0 0 0 0 0 0 0 0 0 0 0 0 0 0 0 0 0 0 0 0 0 0 0 0 0 0 0 0 0 0 0 0 0 0 0 0 0 0 0 0 0 0 0 0 0 0 0 0 0 0 0 0 0 0 0 0 0 0 0 0 0 0 0 0 0 0 0 0 0 0 0 0 0 0 0 0 0 0 0 data 40 0x30002 0x1414 0xe0005 0x1414 0x0 0x0 0x0 0x0 0x0 0x1a0005 0x1414 0x0 0x0 0x0 0x0 0x0 0x220007 0x131c 0x58 0xf8 0x290005 0xf8 0x0 0x0 0x0 0x0 0x0 0x2f0003 0x1414 0x18 0x0 0x0 0x0 0x0 0x0 0x0 0x9 0x2 0x0 0x0 oops 0 methods 0
ciMethodData java/util/zip/ZipFile getZipEntry (Ljava/lang/String;I)Ljava/util/zip/ZipEntry; 1 309 orig 80 0 0 0 0 0 0 0 0 0 0 0 0 0 0 0 0 0 0 0 0 0 0 0 0 0 0 0 0 0 0 0 0 0 0 0 0 0 0 0 0 0 0 0 0 0 0 0 0 0 0 0 0 0 0 0 0 0 0 0 0 0 0 0 0 0 0 0 0 0 0 0 0 0 0 0 0 0 0 0 0 data 174 0xd0002 0xf8 0x140002 0xf8 0x1b0002 0xf8 0x280005 0xf8 0x0 0x0 0x0 0x0 0x0 0x2e0007 0x0 0x218 0xf8 0x330007 0x0 0x230 0xf8 0x370005 0xf8 0x0 0x0 0x0 0x0 0x0 0x3a0007 0x0 0x1d8 0xf8 0x470005 0x0 0x0 0x6a3d5360 0xf8 0x0 0x0 0x4a0007 0xf8 0x180 0x0 0x510005 0x0 0x0 0x0 0x0 0x0 0x0 0x540007 0x0 0x128 0x0 0x5b0002 0x0 0x5f0005 0x0 0x0 0x0 0x0 0x0 0x0 0x640005 0x0 0x0 0x0 0x0 0x0 0x0 0x670005 0x0 0x0 0x0 0x0 0x0 0x0 0x6b0003 0x0 0x50 0x770005 0x0 0x0 0x0 0x0 0x0 0x0 0x7c0004 0x0 0x0 0x697c04e0 0xf1 0x696b6710 0x7 0x7f0007 0x0 0xa8 0xf8 0x860004 0x0 0x0 0x697c04e0 0xf1 0x696b6710 0x7 0x8a0005 0x0 0x0 0x696b67c0 0xf8 0x0 0x0 0x910003 0xf8 0x28 0x990002 0x0 0xa20002 0xf8 0xac0002 0xf8 0xb60002 0xf8 0xc00002 0xf8 0xca0002 0xf8 0xd40002 0xf8 0xdc0002 0xf8 0xe00007 0x3 0x30 0xf5 0xe70002 0xf5 0xf30007 0xf8 0x68 0x0 0x1090002 0x0 0x10e0005 0x0 0x0 0x0 0x0 0x0 0x0 0x1130007 0xf8 0x58 0x0 0x12b0005 0x0 0x0 0x0 0x0 0x0 0x0 0x0 0x0 0x0 0x0 0x0 0x0 0x0 0x0 0x9 0x3 0x0 0x0 0x0 oops 6 35 java/util/zip/ZipCoder$UTF8ZipCoder 90 java/util/jar/JarFile 92 sun/net/www/protocol/jar/URLJarFile 101 java/util/jar/JarFile 103 sun/net/www/protocol/jar/URLJarFile 108 java/util/jar/JavaUtilJarAccessImpl methods 0
ciMethodData java/lang/String endsWith (Ljava/lang/String;)Z 1 1166 orig 80 0 0 0 0 0 0 0 0 0 0 0 0 0 0 0 0 0 0 0 0 0 0 0 0 0 0 0 0 0 0 0 0 0 0 0 0 0 0 0 0 0 0 0 0 0 0 0 0 0 0 0 0 0 0 0 0 0 0 0 0 0 0 0 0 0 0 0 0 0 0 0 0 0 0 0 0 0 0 0 0 data 31 0x30005 0x38e 0x0 0x0 0x0 0x0 0x0 0x70005 0x38e 0x0 0x0 0x0 0x0 0x0 0xb0005 0x38e 0x0 0x0 0x0 0x0 0x0 0x0 0x0 0x0 0x0 0x0 0x0 0x9 0x2 0x0 0x0 oops 0 methods 0
ciMethodData java/util/zip/ZipUtils CENLEN ([BI)J 1 939 orig 80 0 0 0 0 0 0 0 0 0 0 0 0 0 0 0 0 0 0 0 0 0 0 0 0 0 0 0 0 0 0 0 0 0 0 0 0 0 0 0 0 0 0 0 0 0 0 0 0 0 0 0 0 0 0 0 0 0 0 0 0 0 0 0 0 0 0 0 0 0 0 0 0 0 0 0 0 0 0 0 0 data 12 0x50002 0x2aa 0x0 0x0 0x0 0x0 0x0 0x0 0x9 0x2 0x0 0x0 oops 0 methods 0
ciMethod java/lang/AssertionError <init> (Ljava/lang/Object;)V 0 0 1 0 -1
ciMethodData java/util/zip/ZipUtils CENSIZ ([BI)J 1 624 orig 80 0 0 0 0 0 0 0 0 0 0 0 0 0 0 0 0 0 0 0 0 0 0 0 0 0 0 0 0 0 0 0 0 0 0 0 0 0 0 0 0 0 0 0 0 0 0 0 0 0 0 0 0 0 0 0 0 0 0 0 0 0 0 0 0 0 0 0 0 0 0 0 0 0 0 0 0 0 0 0 0 data 12 0x50002 0x170 0x0 0x0 0x0 0x0 0x0 0x0 0x9 0x2 0x0 0x0 oops 0 methods 0
ciMethodData java/util/zip/ZipCoder$UTF8ZipCoder toString ([BII)Ljava/lang/String; 1 367 orig 80 0 0 0 0 0 0 0 0 0 0 0 0 0 0 0 0 0 0 0 0 0 0 0 0 0 0 0 0 0 0 0 0 0 0 0 0 0 0 0 0 0 0 0 0 0 0 0 0 0 0 0 0 0 0 0 0 0 0 0 0 0 0 0 0 0 0 0 0 0 0 0 0 0 0 0 0 0 0 0 0 data 19 0x60005 0x0 0x0 0x699d8350 0x6f 0x0 0x0 0x0 0x0 0x0 0x0 0x0 0x0 0x9 0x4 0x0 0x0 0x0 0x0 oops 1 3 java/lang/System$2 methods 0
ciMethodData java/lang/StringUTF16 getChar ([BI)C 2 10145 orig 80 0 0 0 0 0 0 0 0 0 0 0 0 0 0 0 0 0 0 0 0 0 0 0 0 0 0 0 0 0 0 0 0 0 0 0 0 0 0 0 0 0 0 0 0 0 0 0 0 0 0 0 0 0 0 0 0 0 0 0 0 0 0 0 0 0 0 0 0 0 0 0 0 0 0 0 0 0 0 0 0 data 26 0x30007 0x2621 0x80 0x0 0x70007 0x0 0x50 0x0 0xc0002 0x0 0xf0007 0x0 0x30 0x0 0x180002 0x0 0x0 0x0 0x0 0x0 0x0 0x0 0x9 0x2 0x0 0x0 oops 0 methods 0
ciMethodData java/util/zip/ZipUtils CENATX_PERMS ([BI)I 1 287 orig 80 0 0 0 0 0 0 0 0 0 0 0 0 0 0 0 0 0 0 0 0 0 0 0 0 0 0 0 0 0 0 0 0 0 0 0 0 0 0 0 0 0 0 0 0 0 0 0 0 0 0 0 0 0 0 0 0 0 0 0 0 0 0 0 0 0 0 0 0 0 0 0 0 0 0 0 0 0 0 0 0 data 12 0x50002 0x1f 0x0 0x0 0x0 0x0 0x0 0x0 0x9 0x2 0x0 0x0 oops 0 methods 0
compile java/util/zip/ZipFile getEntry (Ljava/lang/String;)Ljava/util/zip/ZipEntry; -1 4 inline 68 0 -1 java/util/zip/ZipFile getEntry (Ljava/lang/String;)Ljava/util/zip/ZipEntry; 1 3 java/util/Objects requireNonNull (Ljava/lang/Object;Ljava/lang/String;)Ljava/lang/Object; 1 14 java/util/zip/ZipFile ensureOpen ()V 1 26 java/util/zip/ZipFile$Source getEntryPos (Ljava/lang/String;Z)I 2 10 java/util/zip/ZipCoder hash (Ljava/lang/String;)I 3 1 java/lang/String hashCode ()I 4 17 java/lang/String isLatin1 ()Z 4 27 java/lang/StringLatin1 hashCode ([B)I 3 6 java/lang/String length ()I 4 6 java/lang/String coder ()B 3 18 java/lang/String charAt (I)C 4 1 java/lang/String isLatin1 ()Z 4 12 java/lang/StringLatin1 charAt ([BI)C 2 39 java/util/zip/ZipFile$Source getEntryHash (I)I 2 49 java/util/zip/ZipFile$Source getEntryPos (I)I 2 57 java/util/zip/ZipFile$Source zipCoderForPos (I)Ljava/util/zip/ZipCoder; 3 4 java/util/zip/ZipCoder$UTF8ZipCoder isUTF8 ()Z 2 79 java/util/zip/ZipUtils CENNAM ([BI)I 3 5 java/util/zip/ZipUtils SH ([BI)I 2 82 java/util/zip/ZipCoder$UTF8ZipCoder toString ([BII)Ljava/lang/String; 3 6 java/lang/System$2 newStringUTF8NoRepl ([BII)Ljava/lang/String; 2 89 java/lang/String length ()I 3 6 java/lang/String coder ()B 2 95 java/lang/String length ()I 3 6 java/lang/String coder ()B 2 110 java/lang/String equals (Ljava/lang/Object;)Z 2 185 java/util/zip/ZipFile$Source getEntryNext (I)I 1 41 java/util/zip/ZipFile getZipEntry (Ljava/lang/String;I)Ljava/util/zip/ZipEntry; 2 13 java/util/zip/ZipUtils CENNAM ([BI)I 3 5 java/util/zip/ZipUtils SH ([BI)I 2 20 java/util/zip/ZipUtils CENEXT ([BI)I 3 5 java/util/zip/ZipUtils SH ([BI)I 2 27 java/util/zip/ZipUtils CENCOM ([BI)I 3 5 java/util/zip/ZipUtils SH ([BI)I 2 55 java/lang/String isEmpty ()Z 2 138 java/util/jar/JavaUtilJarAccessImpl entryFor (Ljava/util/jar/JarFile;Ljava/lang/String;)Ljava/util/jar/JarEntry; 3 2 java/util/jar/JarFile entryFor (Ljava/lang/String;)Ljava/util/jar/JarEntry; 4 6 java/util/jar/JarFile$JarFileEntry <init> (Ljava/util/jar/JarFile;Ljava/lang/String;)V 5 7 java/util/jar/JarEntry <init> (Ljava/lang/String;)V 6 2 java/util/zip/ZipEntry <init> (Ljava/lang/String;)V 7 1 java/lang/Object <init> ()V 7 55 java/util/Objects requireNonNull (Ljava/lang/Object;Ljava/lang/String;)Ljava/lang/Object; 7 60 java/lang/String length ()I 8 6 java/lang/String coder ()B 2 162 java/util/zip/ZipUtils CENFLG ([BI)I 3 5 java/util/zip/ZipUtils SH ([BI)I 2 172 java/util/zip/ZipUtils CENTIM ([BI)J 3 5 java/util/zip/ZipUtils LG ([BI)J 4 2 java/util/zip/ZipUtils SH ([BI)I 4 9 java/util/zip/ZipUtils SH ([BI)I 2 182 java/util/zip/ZipUtils CENCRC ([BI)J 3 5 java/util/zip/ZipUtils LG ([BI)J 4 2 java/util/zip/ZipUtils SH ([BI)I 4 9 java/util/zip/ZipUtils SH ([BI)I 2 192 java/util/zip/ZipUtils CENLEN ([BI)J 3 5 java/util/zip/ZipUtils LG ([BI)J 4 2 java/util/zip/ZipUtils SH ([BI)I 4 9 java/util/zip/ZipUtils SH ([BI)I 2 202 java/util/zip/ZipUtils CENSIZ ([BI)J 3 5 java/util/zip/ZipUtils LG ([BI)J 4 2 java/util/zip/ZipUtils SH ([BI)I 4 9 java/util/zip/ZipUtils SH ([BI)I 2 212 java/util/zip/ZipUtils CENHOW ([BI)I 3 5 java/util/zip/ZipUtils SH ([BI)I 2 220 java/util/zip/ZipUtils CENVEM_FA ([BI)I 3 4 java/util/zip/ZipUtils CH ([BI)I 2 231 java/util/zip/ZipUtils CENATX_PERMS ([BI)I 3 5 java/util/zip/ZipUtils SH ([BI)I
